證券代碼,簡稱,年月日,報酬率小數點
1101,台泥         ,20180102,0.002743
1101,台泥         ,20180103,0.021888
1101,台泥         ,20180104,-0.004016
1101,台泥         ,20180105,0.002688
1101,台泥         ,20180108,0.024129
1101,台泥         ,20180109,0.002618
1101,台泥         ,20180110,0.003916
1101,台泥         ,20180111,-0.024707
1101,台泥         ,20180112,0.002667
1101,台泥         ,20180115,0.006649
1101,台泥         ,20180116,0.006605
1101,台泥         ,20180117,0.010499
1101,台泥         ,20180118,-0.016883
1101,台泥         ,20180119,0.001321
1101,台泥         ,20180122,-0.001319
1101,台泥         ,20180123,-0.014531
1101,台泥         ,20180124,0
1101,台泥         ,20180125,0.008043
1101,台泥         ,20180126,0.015957
1101,台泥         ,20180129,-0.006545
1101,台泥         ,20180130,-0.001318
1101,台泥         ,20180131,-0.006596
1101,台泥         ,20180201,0.00664
1101,台泥         ,20180202,0
1101,台泥         ,20180205,-0.002639
1101,台泥         ,20180206,-0.060847
1101,台泥         ,20180207,0.025352
1101,台泥         ,20180208,0.009615
1101,台泥         ,20180209,-0.031293
1101,台泥         ,20180212,0.009831
1101,台泥         ,20180221,0.034771
1101,台泥         ,20180222,-0.018817
1101,台泥         ,20180223,0.009589
1101,台泥         ,20180226,-0.008141
1101,台泥         ,20180227,0.012312
1101,台泥         ,20180301,0
1101,台泥         ,20180302,-0.002703
1101,台泥         ,20180305,-0.01626
1101,台泥         ,20180306,0.00551
1101,台泥         ,20180307,-0.00274
1101,台泥         ,20180308,0
1101,台泥         ,20180309,0.006868
1101,台泥         ,20180312,0.015007
1101,台泥         ,20180313,0.008065
1101,台泥         ,20180314,0
1101,台泥         ,20180315,0.002667
1101,台泥         ,20180316,0
1101,台泥         ,20180319,-0.00133
1101,台泥         ,20180320,-0.005326
1101,台泥         ,20180321,0
1101,台泥         ,20180322,0.005355
1101,台泥         ,20180323,-0.014647
1101,台泥         ,20180326,-0.010811
1101,台泥         ,20180327,0.015027
1101,台泥         ,20180328,-0.004038
1101,台泥         ,20180329,-0.012162
1101,台泥         ,20180330,0.001368
1101,台泥         ,20180331,-0.001366
1101,台泥         ,20180402,0.002736
1101,台泥         ,20180403,0.008186
1101,台泥         ,20180409,0.010825
1101,台泥         ,20180410,0.022758
1101,台泥         ,20180411,0.006545
1101,台泥         ,20180412,-0.009103
1101,台泥         ,20180413,0.002625
1101,台泥         ,20180416,0.001309
1101,台泥         ,20180417,-0.006536
1101,台泥         ,20180418,0.005263
1101,台泥         ,20180419,0.020942
1101,台泥         ,20180420,-0.00641
1101,台泥         ,20180423,0.003871
1101,台泥         ,20180424,0.050129
1101,台泥         ,20180425,-0.015912
1101,台泥         ,20180426,0.007463
1101,台泥         ,20180427,-0.004938
1101,台泥         ,20180430,0.013648
1101,台泥         ,20180502,0
1101,台泥         ,20180503,-0.035496
1101,台泥         ,20180504,0.003807
1101,台泥         ,20180507,0.021492
1101,台泥         ,20180508,0.009901
1101,台泥         ,20180509,-0.004902
1101,台泥         ,20180510,0.012315
1101,台泥         ,20180511,0.00365
1101,台泥         ,20180514,0.046061
1101,台泥         ,20180515,0.008111
1101,台泥         ,20180516,0.055172
1101,台泥         ,20180517,-0.005447
1101,台泥         ,20180518,-0.002191
1101,台泥         ,20180521,0.009879
1101,台泥         ,20180522,-0.008696
1101,台泥         ,20180523,-0.032895
1101,台泥         ,20180524,0.014739
1101,台泥         ,20180525,-0.018994
1101,台泥         ,20180528,0.001139
1101,台泥         ,20180529,-0.012514
1101,台泥         ,20180530,0.008065
1101,台泥         ,20180531,-0.003429
1101,台泥         ,20180601,0.00344
1101,台泥         ,20180604,0.043429
1101,台泥         ,20180605,-0.009858
1101,台泥         ,20180606,-0.00885
1101,台泥         ,20180607,-0.001116
1101,台泥         ,20180608,0.005587
1101,台泥         ,20180611,-0.008889
1101,台泥         ,20180612,-0.002242
1101,台泥         ,20180613,0.021348
1101,台泥         ,20180614,-0.012101
1101,台泥         ,20180615,0.007795
1101,台泥         ,20180619,-0.030939
1101,台泥         ,20180620,0.020525
1101,台泥         ,20180621,0
1101,台泥         ,20180622,-0.003352
1101,台泥         ,20180625,0.002242
1101,台泥         ,20180626,-0.022371
1101,台泥         ,20180627,-0.016018
1101,台泥         ,20180628,-0.013953
1101,台泥         ,20180629,-0.001179
1101,台泥         ,20180702,-0.011806
1101,台泥         ,20180703,0.021505
1101,台泥         ,20180704,-0.017544
1101,台泥         ,20180705,0.00119
1101,台泥         ,20180706,-0.010702
1101,台泥         ,20180709,0.027644
1101,台泥         ,20180710,0.011696
1101,台泥         ,20180711,-0.025434
1101,台泥         ,20180712,0.013049
1101,台泥         ,20180713,0.018735
1101,台泥         ,20180716,-0.022989
1101,台泥         ,20180717,-0.008235
1101,台泥         ,20180718,0.002372
1101,台泥         ,20180719,0.011834
1101,台泥         ,20180720,-0.010526
1101,台泥         ,20180723,0.008274
1101,台泥         ,20180724,0.066823
1101,台泥         ,20180725,-0.008791
1101,台泥         ,20180726,0.021064
1101,台泥         ,20180727,-0.004938
1101,台泥         ,20180730,0.009926
1101,台泥         ,20180731,-0.03317
1101,台泥         ,20180801,0.043202
1101,台泥         ,20180802,-0.010962
1101,台泥         ,20180803,-0.003695
1101,台泥         ,20180806,-0.002472
1101,台泥         ,20180807,-0.004957
1101,台泥         ,20180808,0.011208
1101,台泥         ,20180809,-0.002463
1101,台泥         ,20180810,0.024691
1101,台泥         ,20180813,0.015663
1101,台泥         ,20180814,0.027284
1101,台泥         ,20180815,-0.02194
1101,台泥         ,20180816,-0.008264
1101,台泥         ,20180817,0.00119
1101,台泥         ,20180820,-0.001189
1101,台泥         ,20180821,0.021429
1101,台泥         ,20180822,0.001166
1101,台泥         ,20180823,0.003492
1101,台泥         ,20180824,-0.006961
1101,台泥         ,20180827,0.011682
1101,台泥         ,20180828,0
1101,台泥         ,20180829,0.002309
1101,台泥         ,20180830,-0.032258
1101,台泥         ,20180831,0.008333
1101,台泥         ,20180903,-0.023613
1101,台泥         ,20180904,0.018138
1101,台泥         ,20180905,-0.013064
1101,台泥         ,20180906,0.006017
1101,台泥         ,20180907,-0.011962
1101,台泥         ,20180910,-0.081114
1101,台泥         ,20180911,0.001318
1101,台泥         ,20180912,0.014474
1101,台泥         ,20180913,0.014267
1101,台泥         ,20180914,0.014066
1101,台泥         ,20180917,-0.008827
1101,台泥         ,20180918,0.010178
1101,台泥         ,20180919,0.011335
1101,台泥         ,20180920,-0.001245
1101,台泥         ,20180921,0.007481
1101,台泥         ,20180925,-0.00495
1101,台泥         ,20180926,-0.007463
1101,台泥         ,20180927,0.008772
1101,台泥         ,20180928,0.021118
1101,台泥         ,20181001,-0.001217
1101,台泥         ,20181002,-0.01827
1101,台泥         ,20181003,-0.002481
1101,台泥         ,20181004,-0.00995
1101,台泥         ,20181005,-0.002513
1101,台泥         ,20181008,0.001259
1101,台泥         ,20181009,0.007547
1101,台泥         ,20181011,-0.061174
1101,台泥         ,20181012,0.037234
1101,台泥         ,20181015,-0.012821
1101,台泥         ,20181016,-0.007792
1101,台泥         ,20181017,0.001309
1101,台泥         ,20181018,-0.006536
1101,台泥         ,20181019,-0.019737
1101,台泥         ,20181022,0.008054
1101,台泥         ,20181023,-0.041278
1101,台泥         ,20181024,-0.051389
1101,台泥         ,20181025,-0.004392
1101,台泥         ,20181026,-0.014706
1101,台泥         ,20181029,0.01194
1101,台泥         ,20181030,0.0059
1101,台泥         ,20181031,0.017595
1101,台泥         ,20181101,0.027378
1101,台泥         ,20181102,0.02244
1101,台泥         ,20181105,-0.030178
1101,台泥         ,20181106,-0.007072
1101,台泥         ,20181107,0.011396
1101,台泥         ,20181108,0
1101,台泥         ,20181109,-0.016901
1101,台泥         ,20181112,0.020057
1101,台泥         ,20181113,0.022472
1101,台泥         ,20181114,-0.001374
1101,台泥         ,20181115,-0.005502
1101,台泥         ,20181116,0.008299
1101,台泥         ,20181119,0.001372
1101,台泥         ,20181120,0.00411
1101,台泥         ,20181121,-0.025921
1101,台泥         ,20181122,-0.02381
1101,台泥         ,20181123,-0.004304
1101,台泥         ,20181126,0.018732
1101,台泥         ,20181127,-0.052334
1101,台泥         ,20181128,0.016418
1101,台泥         ,20181129,0
1101,台泥         ,20181130,0.013216
1101,台泥         ,20181203,0.03913
1101,台泥         ,20181204,-0.022315
1101,台泥         ,20181205,-0.005706
1101,台泥         ,20181206,-0.005739
1101,台泥         ,20181207,0.011544
1101,台泥         ,20181210,-0.008559
1101,台泥         ,20181211,0.001439
1101,台泥         ,20181212,0.00431
1101,台泥         ,20181213,0.015737
1101,台泥         ,20181214,0.007042
1101,台泥         ,20181217,0.006993
1101,台泥         ,20181218,-0.009722
1101,台泥         ,20181219,0.009818
1101,台泥         ,20181220,-0.016667
1101,台泥         ,20181221,0
1101,台泥         ,20181222,0.001412
1101,台泥         ,20181224,0.009873
1101,台泥         ,20181225,0.001397
1101,台泥         ,20181226,-0.012552
1101,台泥         ,20181227,0
1101,台泥         ,20181228,0.00565
1707,葡萄王       ,20180102,0.021635
1707,葡萄王       ,20180103,0.018824
1707,葡萄王       ,20180104,0.011547
1707,葡萄王       ,20180105,-0.002283
1707,葡萄王       ,20180108,0.006865
1707,葡萄王       ,20180109,0
1707,葡萄王       ,20180110,0
1707,葡萄王       ,20180111,-0.020455
1707,葡萄王       ,20180112,-0.016241
1707,葡萄王       ,20180115,0.009434
1707,葡萄王       ,20180116,0.023364
1707,葡萄王       ,20180117,-0.011416
1707,葡萄王       ,20180118,-0.009238
1707,葡萄王       ,20180119,0.002331
1707,葡萄王       ,20180122,-0.004651
1707,葡萄王       ,20180123,0.014019
1707,葡萄王       ,20180124,-0.006912
1707,葡萄王       ,20180125,0.013921
1707,葡萄王       ,20180126,-0.002288
1707,葡萄王       ,20180129,-0.043578
1707,葡萄王       ,20180130,0.007194
1707,葡萄王       ,20180131,0.009524
1707,葡萄王       ,20180201,-0.018868
1707,葡萄王       ,20180202,0.016827
1707,葡萄王       ,20180205,-0.01182
1707,葡萄王       ,20180206,-0.055024
1707,葡萄王       ,20180207,0.037975
1707,葡萄王       ,20180208,-0.017073
1707,葡萄王       ,20180209,-0.004963
1707,葡萄王       ,20180212,-0.002494
1707,葡萄王       ,20180221,0.01
1707,葡萄王       ,20180222,0.024752
1707,葡萄王       ,20180223,0.007246
1707,葡萄王       ,20180226,0.002398
1707,葡萄王       ,20180227,0.033493
1707,葡萄王       ,20180301,0.009259
1707,葡萄王       ,20180302,-0.011468
1707,葡萄王       ,20180305,0.006961
1707,葡萄王       ,20180306,0.009217
1707,葡萄王       ,20180307,0.045662
1707,葡萄王       ,20180308,0.026201
1707,葡萄王       ,20180309,0.017021
1707,葡萄王       ,20180312,0.006276
1707,葡萄王       ,20180313,0
1707,葡萄王       ,20180314,0.014553
1707,葡萄王       ,20180315,0.008197
1707,葡萄王       ,20180316,0.01626
1707,葡萄王       ,20180319,-0.028
1707,葡萄王       ,20180320,0.00823
1707,葡萄王       ,20180321,0
1707,葡萄王       ,20180322,0.004082
1707,葡萄王       ,20180323,-0.020325
1707,葡萄王       ,20180326,0.014523
1707,葡萄王       ,20180327,0.014315
1707,葡萄王       ,20180328,0.008065
1707,葡萄王       ,20180329,0.024
1707,葡萄王       ,20180330,-0.017578
1707,葡萄王       ,20180331,-0.011928
1707,葡萄王       ,20180402,0
1707,葡萄王       ,20180403,0.006036
1707,葡萄王       ,20180409,0.052
1707,葡萄王       ,20180410,0.007605
1707,葡萄王       ,20180411,-0.026415
1707,葡萄王       ,20180412,0.011628
1707,葡萄王       ,20180413,0.003831
1707,葡萄王       ,20180416,0.001908
1707,葡萄王       ,20180417,-0.026667
1707,葡萄王       ,20180418,0.015656
1707,葡萄王       ,20180419,0.028902
1707,葡萄王       ,20180420,0.016854
1707,葡萄王       ,20180423,-0.023941
1707,葡萄王       ,20180424,-0.030189
1707,葡萄王       ,20180425,-0.038911
1707,葡萄王       ,20180426,-0.006073
1707,葡萄王       ,20180427,0.034623
1707,葡萄王       ,20180430,-0.019685
1707,葡萄王       ,20180502,-0.002008
1707,葡萄王       ,20180503,0.012072
1707,葡萄王       ,20180504,-0.013917
1707,葡萄王       ,20180507,0
1707,葡萄王       ,20180508,0.016129
1707,葡萄王       ,20180509,-0.027778
1707,葡萄王       ,20180510,0
1707,葡萄王       ,20180511,-0.018367
1707,葡萄王       ,20180514,-0.033264
1707,葡萄王       ,20180515,0.021505
1707,葡萄王       ,20180516,-0.016842
1707,葡萄王       ,20180517,-0.034261
1707,葡萄王       ,20180518,0.031042
1707,葡萄王       ,20180521,0.012903
1707,葡萄王       ,20180522,-0.014862
1707,葡萄王       ,20180523,0
1707,葡萄王       ,20180524,0.043103
1707,葡萄王       ,20180525,-0.016529
1707,葡萄王       ,20180528,-0.008403
1707,葡萄王       ,20180529,-0.012712
1707,葡萄王       ,20180530,-0.017167
1707,葡萄王       ,20180531,0.008734
1707,葡萄王       ,20180601,0.056277
1707,葡萄王       ,20180604,-0.004098
1707,葡萄王       ,20180605,-0.018519
1707,葡萄王       ,20180606,0.006289
1707,葡萄王       ,20180607,-0.020833
1707,葡萄王       ,20180608,0.010638
1707,葡萄王       ,20180611,-0.018947
1707,葡萄王       ,20180612,-0.019313
1707,葡萄王       ,20180613,-0.013129
1707,葡萄王       ,20180614,0.006652
1707,葡萄王       ,20180615,0.017621
1707,葡萄王       ,20180619,-0.019481
1707,葡萄王       ,20180620,0.002208
1707,葡萄王       ,20180621,0.006608
1707,葡萄王       ,20180622,-0.015317
1707,葡萄王       ,20180625,0
1707,葡萄王       ,20180626,0.011111
1707,葡萄王       ,20180627,0.024176
1707,葡萄王       ,20180628,-0.030043
1707,葡萄王       ,20180629,0.017699
1707,葡萄王       ,20180702,0.017391
1707,葡萄王       ,20180703,0.017094
1707,葡萄王       ,20180704,-0.010504
1707,葡萄王       ,20180705,-0.016985
1707,葡萄王       ,20180706,-0.010799
1707,葡萄王       ,20180709,0.011686
1707,葡萄王       ,20180710,0.006667
1707,葡萄王       ,20180711,0.055188
1707,葡萄王       ,20180712,0.029289
1707,葡萄王       ,20180713,0.012195
1707,葡萄王       ,20180716,0.03012
1707,葡萄王       ,20180717,-0.031189
1707,葡萄王       ,20180718,0.004024
1707,葡萄王       ,20180719,0.004008
1707,葡萄王       ,20180720,-0.041916
1707,葡萄王       ,20180723,-0.008333
1707,葡萄王       ,20180724,0
1707,葡萄王       ,20180725,0.031513
1707,葡萄王       ,20180726,0.010183
1707,葡萄王       ,20180727,-0.032258
1707,葡萄王       ,20180730,0
1707,葡萄王       ,20180731,-0.020833
1707,葡萄王       ,20180801,0.014894
1707,葡萄王       ,20180802,-0.004193
1707,葡萄王       ,20180803,0.021053
1707,葡萄王       ,20180806,-0.016495
1707,葡萄王       ,20180807,0.012579
1707,葡萄王       ,20180808,-0.006211
1707,葡萄王       ,20180809,-0.008333
1707,葡萄王       ,20180810,-0.008403
1707,葡萄王       ,20180813,-0.025424
1707,葡萄王       ,20180814,-0.021739
1707,葡萄王       ,20180815,0.013333
1707,葡萄王       ,20180816,0
1707,葡萄王       ,20180817,-0.002193
1707,葡萄王       ,20180820,-0.021978
1707,葡萄王       ,20180821,0.008989
1707,葡萄王       ,20180822,-0.011136
1707,葡萄王       ,20180823,0
1707,葡萄王       ,20180824,0.011261
1707,葡萄王       ,20180827,-0.008909
1707,葡萄王       ,20180828,-0.006742
1707,葡萄王       ,20180829,0.011312
1707,葡萄王       ,20180830,-0.013423
1707,葡萄王       ,20180831,-0.015873
1707,葡萄王       ,20180903,-0.050691
1707,葡萄王       ,20180904,0.004854
1707,葡萄王       ,20180905,0.009662
1707,葡萄王       ,20180906,-0.004785
1707,葡萄王       ,20180907,0
1707,葡萄王       ,20180910,-0.024038
1707,葡萄王       ,20180911,0.009852
1707,葡萄王       ,20180912,0.02439
1707,葡萄王       ,20180913,-0.002381
1707,葡萄王       ,20180914,0.02148
1707,葡萄王       ,20180917,-0.037383
1707,葡萄王       ,20180918,-0.024272
1707,葡萄王       ,20180919,0.0199
1707,葡萄王       ,20180920,0.014634
1707,葡萄王       ,20180921,0.004808
1707,葡萄王       ,20180925,0.011962
1707,葡萄王       ,20180926,0.002364
1707,葡萄王       ,20180927,0.004717
1707,葡萄王       ,20180928,0.007042
1707,葡萄王       ,20181001,0
1707,葡萄王       ,20181002,-0.016317
1707,葡萄王       ,20181003,0.009479
1707,葡萄王       ,20181004,-0.004695
1707,葡萄王       ,20181005,-0.023585
1707,葡萄王       ,20181008,-0.016908
1707,葡萄王       ,20181009,-0.007371
1707,葡萄王       ,20181011,-0.027228
1707,葡萄王       ,20181012,0.010178
1707,葡萄王       ,20181015,0
1707,葡萄王       ,20181016,0
1707,葡萄王       ,20181017,-0.025189
1707,葡萄王       ,20181018,0
1707,葡萄王       ,20181019,-0.01292
1707,葡萄王       ,20181022,0.02356
1707,葡萄王       ,20181023,0.015345
1707,葡萄王       ,20181024,0.002519
1707,葡萄王       ,20181025,-0.030151
1707,葡萄王       ,20181026,-0.025907
1707,葡萄王       ,20181029,0
1707,葡萄王       ,20181030,0.029255
1707,葡萄王       ,20181031,0.007752
1707,葡萄王       ,20181101,0.005128
1707,葡萄王       ,20181102,-0.012755
1707,葡萄王       ,20181105,0
1707,葡萄王       ,20181106,-0.015504
1707,葡萄王       ,20181107,0.010499
1707,葡萄王       ,20181108,0
1707,葡萄王       ,20181109,0.007792
1707,葡萄王       ,20181112,-0.023196
1707,葡萄王       ,20181113,0.013193
1707,葡萄王       ,20181114,-0.013021
1707,葡萄王       ,20181115,-0.013193
1707,葡萄王       ,20181116,0.002674
1707,葡萄王       ,20181119,0
1707,葡萄王       ,20181120,-0.002667
1707,葡萄王       ,20181121,-0.005348
1707,葡萄王       ,20181122,0.008065
1707,葡萄王       ,20181123,-0.002667
1707,葡萄王       ,20181126,0.016043
1707,葡萄王       ,20181127,-0.002632
1707,葡萄王       ,20181128,0.01847
1707,葡萄王       ,20181129,0.020725
1707,葡萄王       ,20181130,0
1707,葡萄王       ,20181203,0.025381
1707,葡萄王       ,20181204,-0.012376
1707,葡萄王       ,20181205,-0.010025
1707,葡萄王       ,20181206,-0.03038
1707,葡萄王       ,20181207,0.005222
1707,葡萄王       ,20181210,-0.018182
1707,葡萄王       ,20181211,0.002646
1707,葡萄王       ,20181212,0.013193
1707,葡萄王       ,20181213,-0.010417
1707,葡萄王       ,20181214,-0.007895
1707,葡萄王       ,20181217,0.005305
1707,葡萄王       ,20181218,-0.007916
1707,葡萄王       ,20181219,0.00266
1707,葡萄王       ,20181220,-0.002653
1707,葡萄王       ,20181221,0
1707,葡萄王       ,20181222,0.00266
1707,葡萄王       ,20181224,0.005305
1707,葡萄王       ,20181225,-0.002639
1707,葡萄王       ,20181226,-0.010582
1707,葡萄王       ,20181227,0.005348
1707,葡萄王       ,20181228,0.013298
2002,中鋼         ,20180102,-0.00202
2002,中鋼         ,20180103,0.008097
2002,中鋼         ,20180104,-0.004016
2002,中鋼         ,20180105,0.006048
2002,中鋼         ,20180108,0.012024
2002,中鋼         ,20180109,0
2002,中鋼         ,20180110,0.00198
2002,中鋼         ,20180111,0
2002,中鋼         ,20180112,0.001976
2002,中鋼         ,20180115,-0.009862
2002,中鋼         ,20180116,0.003984
2002,中鋼         ,20180117,-0.001984
2002,中鋼         ,20180118,0
2002,中鋼         ,20180119,-0.001988
2002,中鋼         ,20180122,-0.001992
2002,中鋼         ,20180123,-0.001996
2002,中鋼         ,20180124,0
2002,中鋼         ,20180125,0.004
2002,中鋼         ,20180126,0
2002,中鋼         ,20180129,0.001992
2002,中鋼         ,20180130,-0.00994
2002,中鋼         ,20180131,0
2002,中鋼         ,20180201,-0.002008
2002,中鋼         ,20180202,-0.002012
2002,中鋼         ,20180205,-0.012097
2002,中鋼         ,20180206,-0.036735
2002,中鋼         ,20180207,0
2002,中鋼         ,20180208,0.006356
2002,中鋼         ,20180209,0
2002,中鋼         ,20180212,-0.004211
2002,中鋼         ,20180221,0.035941
2002,中鋼         ,20180222,-0.008163
2002,中鋼         ,20180223,0.00823
2002,中鋼         ,20180226,-0.012245
2002,中鋼         ,20180227,-0.004132
2002,中鋼         ,20180301,0.012448
2002,中鋼         ,20180302,-0.018443
2002,中鋼         ,20180305,-0.014614
2002,中鋼         ,20180306,0.004237
2002,中鋼         ,20180307,-0.008439
2002,中鋼         ,20180308,0
2002,中鋼         ,20180309,0.004255
2002,中鋼         ,20180312,0.004237
2002,中鋼         ,20180313,0.006329
2002,中鋼         ,20180314,0
2002,中鋼         ,20180315,-0.004193
2002,中鋼         ,20180316,-0.002105
2002,中鋼         ,20180319,0.008439
2002,中鋼         ,20180320,-0.006276
2002,中鋼         ,20180321,0
2002,中鋼         ,20180322,0.004211
2002,中鋼         ,20180323,-0.014675
2002,中鋼         ,20180326,-0.002128
2002,中鋼         ,20180327,0.004264
2002,中鋼         ,20180328,-0.006369
2002,中鋼         ,20180329,-0.008547
2002,中鋼         ,20180330,0.012931
2002,中鋼         ,20180331,-0.002128
2002,中鋼         ,20180402,0.002132
2002,中鋼         ,20180403,-0.006383
2002,中鋼         ,20180409,0.019272
2002,中鋼         ,20180410,-0.002101
2002,中鋼         ,20180411,-0.006316
2002,中鋼         ,20180412,0
2002,中鋼         ,20180413,-0.006356
2002,中鋼         ,20180416,0
2002,中鋼         ,20180417,-0.006397
2002,中鋼         ,20180418,0.004292
2002,中鋼         ,20180419,0.012821
2002,中鋼         ,20180420,-0.00211
2002,中鋼         ,20180423,-0.002114
2002,中鋼         ,20180424,-0.012712
2002,中鋼         ,20180425,0.004292
2002,中鋼         ,20180426,-0.002137
2002,中鋼         ,20180427,0.002141
2002,中鋼         ,20180430,0.004274
2002,中鋼         ,20180502,0.006383
2002,中鋼         ,20180503,-0.016913
2002,中鋼         ,20180504,0
2002,中鋼         ,20180507,0
2002,中鋼         ,20180508,0.006452
2002,中鋼         ,20180509,0.002137
2002,中鋼         ,20180510,0
2002,中鋼         ,20180511,0.004264
2002,中鋼         ,20180514,-0.002123
2002,中鋼         ,20180515,-0.006383
2002,中鋼         ,20180516,0.006424
2002,中鋼         ,20180517,-0.006383
2002,中鋼         ,20180518,0.002141
2002,中鋼         ,20180521,0
2002,中鋼         ,20180522,-0.004274
2002,中鋼         ,20180523,-0.004292
2002,中鋼         ,20180524,0.002155
2002,中鋼         ,20180525,0.004301
2002,中鋼         ,20180528,0.002141
2002,中鋼         ,20180529,0
2002,中鋼         ,20180530,-0.008547
2002,中鋼         ,20180531,0.017241
2002,中鋼         ,20180601,0.006356
2002,中鋼         ,20180604,0.018947
2002,中鋼         ,20180605,0.004132
2002,中鋼         ,20180606,-0.002058
2002,中鋼         ,20180607,0.006186
2002,中鋼         ,20180608,0
2002,中鋼         ,20180611,-0.012295
2002,中鋼         ,20180612,0.002075
2002,中鋼         ,20180613,-0.004141
2002,中鋼         ,20180614,-0.014553
2002,中鋼         ,20180615,-0.00211
2002,中鋼         ,20180619,-0.010571
2002,中鋼         ,20180620,0.017094
2002,中鋼         ,20180621,-0.006303
2002,中鋼         ,20180622,0.002114
2002,中鋼         ,20180625,-0.012658
2002,中鋼         ,20180626,0
2002,中鋼         ,20180627,-0.00641
2002,中鋼         ,20180628,0
2002,中鋼         ,20180629,0.019355
2002,中鋼         ,20180702,-0.018987
2002,中鋼         ,20180703,0
2002,中鋼         ,20180704,0.010753
2002,中鋼         ,20180705,-0.002128
2002,中鋼         ,20180706,0.002132
2002,中鋼         ,20180709,0.004255
2002,中鋼         ,20180710,0.002119
2002,中鋼         ,20180711,0.002114
2002,中鋼         ,20180712,0.004219
2002,中鋼         ,20180713,0.004202
2002,中鋼         ,20180716,0
2002,中鋼         ,20180717,0.004184
2002,中鋼         ,20180718,0.004167
2002,中鋼         ,20180719,0.004149
2002,中鋼         ,20180720,0.002066
2002,中鋼         ,20180723,0
2002,中鋼         ,20180724,0.020619
2002,中鋼         ,20180725,0.00202
2002,中鋼         ,20180726,0.029435
2002,中鋼         ,20180727,0
2002,中鋼         ,20180730,0.006085
2002,中鋼         ,20180731,0.008065
2002,中鋼         ,20180801,-0.002
2002,中鋼         ,20180802,-0.012024
2002,中鋼         ,20180803,0.004057
2002,中鋼         ,20180806,0.006061
2002,中鋼         ,20180807,0
2002,中鋼         ,20180808,0.002008
2002,中鋼         ,20180809,-0.004008
2002,中鋼         ,20180810,-0.012072
2002,中鋼         ,20180813,-0.008147
2002,中鋼         ,20180814,0.024641
2002,中鋼         ,20180815,-0.008016
2002,中鋼         ,20180816,0.006061
2002,中鋼         ,20180817,-0.01004
2002,中鋼         ,20180820,0.01217
2002,中鋼         ,20180821,0.002004
2002,中鋼         ,20180822,0.012
2002,中鋼         ,20180823,0.007905
2002,中鋼         ,20180824,-0.009804
2002,中鋼         ,20180827,0.00198
2002,中鋼         ,20180828,0.007905
2002,中鋼         ,20180829,-0.001961
2002,中鋼         ,20180830,-0.007859
2002,中鋼         ,20180831,-0.00396
2002,中鋼         ,20180903,-0.011928
2002,中鋼         ,20180904,0.004024
2002,中鋼         ,20180905,-0.012024
2002,中鋼         ,20180906,0.006085
2002,中鋼         ,20180907,-0.004032
2002,中鋼         ,20180910,-0.004049
2002,中鋼         ,20180911,-0.002033
2002,中鋼         ,20180912,-0.010183
2002,中鋼         ,20180913,0.006173
2002,中鋼         ,20180914,0
2002,中鋼         ,20180917,0.002045
2002,中鋼         ,20180918,0.020408
2002,中鋼         ,20180919,0.004
2002,中鋼         ,20180920,-0.003984
2002,中鋼         ,20180921,0.01
2002,中鋼         ,20180925,0.00396
2002,中鋼         ,20180926,0.003945
2002,中鋼         ,20180927,0
2002,中鋼         ,20180928,0.001965
2002,中鋼         ,20181001,0
2002,中鋼         ,20181002,-0.011765
2002,中鋼         ,20181003,0.009921
2002,中鋼         ,20181004,-0.001965
2002,中鋼         ,20181005,-0.011811
2002,中鋼         ,20181008,0.005976
2002,中鋼         ,20181009,0.00396
2002,中鋼         ,20181011,-0.045365
2002,中鋼         ,20181012,0.012397
2002,中鋼         ,20181015,-0.018367
2002,中鋼         ,20181016,0.016632
2002,中鋼         ,20181017,-0.01227
2002,中鋼         ,20181018,0.004141
2002,中鋼         ,20181019,0.002062
2002,中鋼         ,20181022,-0.006173
2002,中鋼         ,20181023,0
2002,中鋼         ,20181024,-0.018634
2002,中鋼         ,20181025,0.00211
2002,中鋼         ,20181026,-0.004211
2002,中鋼         ,20181029,0.004228
2002,中鋼         ,20181030,0.016842
2002,中鋼         ,20181031,0.010352
2002,中鋼         ,20181101,-0.014344
2002,中鋼         ,20181102,0.004158
2002,中鋼         ,20181105,0.008282
2002,中鋼         ,20181106,0
2002,中鋼         ,20181107,0.00616
2002,中鋼         ,20181108,0.008163
2002,中鋼         ,20181109,-0.018219
2002,中鋼         ,20181112,0
2002,中鋼         ,20181113,0
2002,中鋼         ,20181114,-0.006186
2002,中鋼         ,20181115,0
2002,中鋼         ,20181116,0.014523
2002,中鋼         ,20181119,0.002045
2002,中鋼         ,20181120,-0.010204
2002,中鋼         ,20181121,-0.008247
2002,中鋼         ,20181122,0
2002,中鋼         ,20181123,-0.008316
2002,中鋼         ,20181126,0.004193
2002,中鋼         ,20181127,-0.012526
2002,中鋼         ,20181128,0.008457
2002,中鋼         ,20181129,0
2002,中鋼         ,20181130,0.006289
2002,中鋼         ,20181203,0.010417
2002,中鋼         ,20181204,0.008247
2002,中鋼         ,20181205,-0.00818
2002,中鋼         ,20181206,-0.012371
2002,中鋼         ,20181207,-0.002088
2002,中鋼         ,20181210,-0.004184
2002,中鋼         ,20181211,0.006303
2002,中鋼         ,20181212,0.016701
2002,中鋼         ,20181213,-0.002053
2002,中鋼         ,20181214,-0.006173
2002,中鋼         ,20181217,-0.004141
2002,中鋼         ,20181218,0
2002,中鋼         ,20181219,0.010395
2002,中鋼         ,20181220,0
2002,中鋼         ,20181221,-0.004115
2002,中鋼         ,20181222,-0.006198
2002,中鋼         ,20181224,0.004158
2002,中鋼         ,20181225,-0.014493
2002,中鋼         ,20181226,0
2002,中鋼         ,20181227,0.006303
2002,中鋼         ,20181228,0.012526
2207,和泰車       ,20180102,0.014124
2207,和泰車       ,20180103,0.005571
2207,和泰車       ,20180104,-0.020776
2207,和泰車       ,20180105,-0.002829
2207,和泰車       ,20180108,0.015603
2207,和泰車       ,20180109,-0.005587
2207,和泰車       ,20180110,-0.002809
2207,和泰車       ,20180111,-0.009859
2207,和泰車       ,20180112,0.001422
2207,和泰車       ,20180115,0.002841
2207,和泰車       ,20180116,0.01983
2207,和泰車       ,20180117,0.016667
2207,和泰車       ,20180118,0.005464
2207,和泰車       ,20180119,0.004076
2207,和泰車       ,20180122,-0.00406
2207,和泰車       ,20180123,0.01087
2207,和泰車       ,20180124,-0.014785
2207,和泰車       ,20180125,0.058663
2207,和泰車       ,20180126,-0.007732
2207,和泰車       ,20180129,-0.001299
2207,和泰車       ,20180130,-0.029909
2207,和泰車       ,20180131,0.017426
2207,和泰車       ,20180201,-0.018445
2207,和泰車       ,20180202,-0.006711
2207,和泰車       ,20180205,0.008108
2207,和泰車       ,20180206,-0.085791
2207,和泰車       ,20180207,-0.010264
2207,和泰車       ,20180208,0.008889
2207,和泰車       ,20180209,-0.024963
2207,和泰車       ,20180212,-0.018072
2207,和泰車       ,20180221,0.033742
2207,和泰車       ,20180222,-0.023739
2207,和泰車       ,20180223,0.021277
2207,和泰車       ,20180226,-0.020833
2207,和泰車       ,20180227,-0.010638
2207,和泰車       ,20180301,0.00768
2207,和泰車       ,20180302,-0.007622
2207,和泰車       ,20180305,-0.006144
2207,和泰車       ,20180306,0.012365
2207,和泰車       ,20180307,-0.022901
2207,和泰車       ,20180308,-0.020312
2207,和泰車       ,20180309,0
2207,和泰車       ,20180312,0.007974
2207,和泰車       ,20180313,0.006329
2207,和泰車       ,20180314,-0.003145
2207,和泰車       ,20180315,-0.018927
2207,和泰車       ,20180316,-0.027331
2207,和泰車       ,20180319,-0.018182
2207,和泰車       ,20180320,0.005051
2207,和泰車       ,20180321,0.01005
2207,和泰車       ,20180322,-0.0199
2207,和泰車       ,20180323,0.003384
2207,和泰車       ,20180326,-0.006745
2207,和泰車       ,20180327,0.018676
2207,和泰車       ,20180328,-0.011667
2207,和泰車       ,20180329,-0.020236
2207,和泰車       ,20180330,0.013769
2207,和泰車       ,20180331,0.001698
2207,和泰車       ,20180402,-0.011864
2207,和泰車       ,20180403,-0.001715
2207,和泰車       ,20180409,0.015464
2207,和泰車       ,20180410,-0.018613
2207,和泰車       ,20180411,0.022414
2207,和泰車       ,20180412,0.001686
2207,和泰車       ,20180413,-0.006734
2207,和泰車       ,20180416,0
2207,和泰車       ,20180417,0.001695
2207,和泰車       ,20180418,0.005076
2207,和泰車       ,20180419,-0.008418
2207,和泰車       ,20180420,0.016978
2207,和泰車       ,20180423,-0.008347
2207,和泰車       ,20180424,-0.006734
2207,和泰車       ,20180425,-0.010169
2207,和泰車       ,20180426,-0.003425
2207,和泰車       ,20180427,-0.001718
2207,和泰車       ,20180430,0.003442
2207,和泰車       ,20180502,0.005146
2207,和泰車       ,20180503,-0.008532
2207,和泰車       ,20180504,-0.018933
2207,和泰車       ,20180507,0.008772
2207,和泰車       ,20180508,-0.001739
2207,和泰車       ,20180509,0.012195
2207,和泰車       ,20180510,-0.010327
2207,和泰車       ,20180511,0.001739
2207,和泰車       ,20180514,0.001736
2207,和泰車       ,20180515,-0.005199
2207,和泰車       ,20180516,-0.001742
2207,和泰車       ,20180517,-0.020942
2207,和泰車       ,20180518,0.001783
2207,和泰車       ,20180521,-0.001779
2207,和泰車       ,20180522,0.00713
2207,和泰車       ,20180523,-0.019469
2207,和泰車       ,20180524,0.00361
2207,和泰車       ,20180525,-0.001799
2207,和泰車       ,20180528,-0.007207
2207,和泰車       ,20180529,0.010889
2207,和泰車       ,20180530,-0.035907
2207,和泰車       ,20180531,0.018622
2207,和泰車       ,20180601,-0.02011
2207,和泰車       ,20180604,0.022388
2207,和泰車       ,20180605,0.031022
2207,和泰車       ,20180606,0
2207,和泰車       ,20180607,0.012389
2207,和泰車       ,20180608,-0.019231
2207,和泰車       ,20180611,0.017825
2207,和泰車       ,20180612,0.008757
2207,和泰車       ,20180613,0.003472
2207,和泰車       ,20180614,-0.029412
2207,和泰車       ,20180615,0.024955
2207,和泰車       ,20180619,-0.033043
2207,和泰車       ,20180620,0.019784
2207,和泰車       ,20180621,-0.0194
2207,和泰車       ,20180622,-0.003597
2207,和泰車       ,20180625,-0.023466
2207,和泰車       ,20180626,-0.001848
2207,和泰車       ,20180627,-0.011111
2207,和泰車       ,20180628,0
2207,和泰車       ,20180629,0.005618
2207,和泰車       ,20180702,-0.011173
2207,和泰車       ,20180703,-0.018832
2207,和泰車       ,20180704,0.005758
2207,和泰車       ,20180705,-0.007634
2207,和泰車       ,20180706,0.003846
2207,和泰車       ,20180709,-0.001916
2207,和泰車       ,20180710,0.011516
2207,和泰車       ,20180711,-0.001898
2207,和泰車       ,20180712,0.019011
2207,和泰車       ,20180713,0.033582
2207,和泰車       ,20180716,-0.01444
2207,和泰車       ,20180717,0.010989
2207,和泰車       ,20180718,0.022727
2207,和泰車       ,20180719,-0.014815
2207,和泰車       ,20180720,0
2207,和泰車       ,20180723,0.00188
2207,和泰車       ,20180724,0
2207,和泰車       ,20180725,-0.011257
2207,和泰車       ,20180726,0.00759
2207,和泰車       ,20180727,0.001883
2207,和泰車       ,20180730,0.007519
2207,和泰車       ,20180731,-0.007463
2207,和泰車       ,20180801,0.007519
2207,和泰車       ,20180802,0
2207,和泰車       ,20180803,-0.005597
2207,和泰車       ,20180806,0.003752
2207,和泰車       ,20180807,-0.016822
2207,和泰車       ,20180808,0.015209
2207,和泰車       ,20180809,-0.005618
2207,和泰車       ,20180810,-0.00565
2207,和泰車       ,20180813,-0.015152
2207,和泰車       ,20180814,0
2207,和泰車       ,20180815,-0.015385
2207,和泰車       ,20180816,-0.005859
2207,和泰車       ,20180817,-0.007859
2207,和泰車       ,20180820,0
2207,和泰車       ,20180821,0.031683
2207,和泰車       ,20180822,-0.009597
2207,和泰車       ,20180823,0.01938
2207,和泰車       ,20180824,-0.003802
2207,和泰車       ,20180827,0.005725
2207,和泰車       ,20180828,0.005693
2207,和泰車       ,20180829,0.00566
2207,和泰車       ,20180830,-0.003752
2207,和泰車       ,20180831,0.001883
2207,和泰車       ,20180903,-0.011278
2207,和泰車       ,20180904,0.007605
2207,和泰車       ,20180905,-0.026415
2207,和泰車       ,20180906,-0.007752
2207,和泰車       ,20180907,-0.009766
2207,和泰車       ,20180910,0.009862
2207,和泰車       ,20180911,0.005859
2207,和泰車       ,20180912,-0.013592
2207,和泰車       ,20180913,0.007874
2207,和泰車       ,20180914,0.025391
2207,和泰車       ,20180917,-0.020952
2207,和泰車       ,20180918,0.001946
2207,和泰車       ,20180919,0.027184
2207,和泰車       ,20180920,-0.017013
2207,和泰車       ,20180921,0.001923
2207,和泰車       ,20180925,0
2207,和泰車       ,20180926,-0.017274
2207,和泰車       ,20180927,0.023438
2207,和泰車       ,20180928,-0.001908
2207,和泰車       ,20181001,0.003824
2207,和泰車       ,20181002,-0.017143
2207,和泰車       ,20181003,0.005814
2207,和泰車       ,20181004,-0.017341
2207,和泰車       ,20181005,-0.005882
2207,和泰車       ,20181008,-0.005917
2207,和泰車       ,20181009,0.001984
2207,和泰車       ,20181011,-0.09505
2207,和泰車       ,20181012,0.028446
2207,和泰車       ,20181015,-0.021277
2207,和泰車       ,20181016,-0.013043
2207,和泰車       ,20181017,-0.022026
2207,和泰車       ,20181018,-0.022523
2207,和泰車       ,20181019,-0.048387
2207,和泰車       ,20181022,0.01937
2207,和泰車       ,20181023,-0.011876
2207,和泰車       ,20181024,-0.007212
2207,和泰車       ,20181025,-0.007264
2207,和泰車       ,20181026,-0.017073
2207,和泰車       ,20181029,0.024814
2207,和泰車       ,20181030,0.007264
2207,和泰車       ,20181031,0.026442
2207,和泰車       ,20181101,-0.018735
2207,和泰車       ,20181102,0.026253
2207,和泰車       ,20181105,-0.004651
2207,和泰車       ,20181106,-0.007009
2207,和泰車       ,20181107,0.014118
2207,和泰車       ,20181108,0.016241
2207,和泰車       ,20181109,-0.006849
2207,和泰車       ,20181112,0
2207,和泰車       ,20181113,-0.022989
2207,和泰車       ,20181114,0.021176
2207,和泰車       ,20181115,0.011521
2207,和泰車       ,20181116,0.006834
2207,和泰車       ,20181119,0.045249
2207,和泰車       ,20181120,-0.015152
2207,和泰車       ,20181121,0.004396
2207,和泰車       ,20181122,-0.004376
2207,和泰車       ,20181123,-0.013187
2207,和泰車       ,20181126,0.011136
2207,和泰車       ,20181127,0.006608
2207,和泰車       ,20181128,0.02407
2207,和泰車       ,20181129,-0.010684
2207,和泰車       ,20181130,0.023758
2207,和泰車       ,20181203,0.012658
2207,和泰車       ,20181204,0.029167
2207,和泰車       ,20181205,-0.006073
2207,和泰車       ,20181206,-0.01833
2207,和泰車       ,20181207,0.004149
2207,和泰車       ,20181210,-0.014463
2207,和泰車       ,20181211,0.006289
2207,和泰車       ,20181212,0.03125
2207,和泰車       ,20181213,0.022222
2207,和泰車       ,20181214,-0.005929
2207,和泰車       ,20181217,-0.001988
2207,和泰車       ,20181218,0.011952
2207,和泰車       ,20181219,0.017717
2207,和泰車       ,20181220,-0.021277
2207,和泰車       ,20181221,0.013834
2207,和泰車       ,20181222,0.001949
2207,和泰車       ,20181224,-0.01751
2207,和泰車       ,20181225,-0.023762
2207,和泰車       ,20181226,-0.004057
2207,和泰車       ,20181227,0.01833
2207,和泰車       ,20181228,0.022
2330,台積電       ,20180102,0.013072
2330,台積電       ,20180103,0.019355
2330,台積電       ,20180104,0.010549
2330,台積電       ,20180105,0.002088
2330,台積電       ,20180108,0.008333
2330,台積電       ,20180109,0
2330,台積電       ,20180110,-0.022727
2330,台積電       ,20180111,-0.006342
2330,台積電       ,20180112,0.008511
2330,台積電       ,20180115,0.012658
2330,台積電       ,20180116,0.002083
2330,台積電       ,20180117,0.006237
2330,台積電       ,20180118,0.02686
2330,台積電       ,20180119,0.028169
2330,台積電       ,20180122,0.023483
2330,台積電       ,20180123,0.017208
2330,台積電       ,20180124,-0.030075
2330,台積電       ,20180125,0
2330,台積電       ,20180126,-0.011628
2330,台積電       ,20180129,0.013725
2330,台積電       ,20180130,-0.021277
2330,台積電       ,20180131,0.007905
2330,台積電       ,20180201,0.017647
2330,台積電       ,20180202,0
2330,台積電       ,20180205,-0.025048
2330,台積電       ,20180206,-0.055336
2330,台積電       ,20180207,0.004184
2330,台積電       ,20180208,-0.00625
2330,台積電       ,20180209,-0.025157
2330,台積電       ,20180212,0.017204
2330,台積電       ,20180221,0.02537
2330,台積電       ,20180222,-0.012371
2330,台積電       ,20180223,0.022965
2330,台積電       ,20180226,0.006122
2330,台積電       ,20180227,-0.002028
2330,台積電       ,20180301,-0.012195
2330,台積電       ,20180302,-0.012346
2330,台積電       ,20180305,0.00625
2330,台積電       ,20180306,0.035197
2330,台積電       ,20180307,-0.012
2330,台積電       ,20180308,0.010121
2330,台積電       ,20180309,0.004008
2330,台積電       ,20180312,0.013972
2330,台積電       ,20180313,0.019685
2330,台積電       ,20180314,-0.007722
2330,台積電       ,20180315,-0.007782
2330,台積電       ,20180316,0
2330,台積電       ,20180319,0
2330,台積電       ,20180320,-0.007843
2330,台積電       ,20180321,-0.001976
2330,台積電       ,20180322,-0.00396
2330,台積電       ,20180323,-0.025845
2330,台積電       ,20180326,-0.006122
2330,台積電       ,20180327,0.030801
2330,台積電       ,20180328,-0.023904
2330,台積電       ,20180329,-0.004082
2330,台積電       ,20180330,0.008197
2330,台積電       ,20180331,0.006098
2330,台積電       ,20180402,-0.00404
2330,台積電       ,20180403,-0.010142
2330,台積電       ,20180409,0.004098
2330,台積電       ,20180410,0.002041
2330,台積電       ,20180411,0.010183
2330,台積電       ,20180412,-0.012097
2330,台積電       ,20180413,-0.002041
2330,台積電       ,20180416,-0.00409
2330,台積電       ,20180417,-0.022587
2330,台積電       ,20180418,0
2330,台積電       ,20180419,0.027311
2330,台積電       ,20180420,-0.063395
2330,台積電       ,20180423,-0.010917
2330,台積電       ,20180424,0.002208
2330,台積電       ,20180425,-0.008811
2330,台積電       ,20180426,-0.013333
2330,台積電       ,20180427,0.006757
2330,台積電       ,20180430,0.01566
2330,台積電       ,20180502,-0.017621
2330,台積電       ,20180503,-0.011211
2330,台積電       ,20180504,0.011338
2330,台積電       ,20180507,0.002242
2330,台積電       ,20180508,0.020134
2330,台積電       ,20180509,0.006579
2330,台積電       ,20180510,0
2330,台積電       ,20180511,0.015251
2330,台積電       ,20180514,0
2330,台積電       ,20180515,-0.01073
2330,台積電       ,20180516,0
2330,台積電       ,20180517,-0.017354
2330,台積電       ,20180518,-0.013245
2330,台積電       ,20180521,0.024609
2330,台積電       ,20180522,0
2330,台積電       ,20180523,-0.002183
2330,台積電       ,20180524,0.002188
2330,台積電       ,20180525,-0.002183
2330,台積電       ,20180528,-0.006565
2330,台積電       ,20180529,-0.008811
2330,台積電       ,20180530,-0.017778
2330,台積電       ,20180531,0.013575
2330,台積電       ,20180601,0
2330,台積電       ,20180604,0.022321
2330,台積電       ,20180605,0
2330,台積電       ,20180606,0.004367
2330,台積電       ,20180607,0
2330,台積電       ,20180608,-0.013043
2330,台積電       ,20180611,-0.004405
2330,台積電       ,20180612,0.013274
2330,台積電       ,20180613,0.0131
2330,台積電       ,20180614,-0.023707
2330,台積電       ,20180615,0.019868
2330,台積電       ,20180619,-0.025974
2330,台積電       ,20180620,0.004444
2330,台積電       ,20180621,0.002212
2330,台積電       ,20180622,0.004415
2330,台積電       ,20180625,-0.006593
2330,台積電       ,20180626,-0.016055
2330,台積電       ,20180627,-0.006993
2330,台積電       ,20180628,-0.004695
2330,台積電       ,20180629,0.021226
2330,台積電       ,20180702,-0.011547
2330,台積電       ,20180703,0.002336
2330,台積電       ,20180704,0.006993
2330,台積電       ,20180705,-0.006944
2330,台積電       ,20180706,0.011655
2330,台積電       ,20180709,0.020737
2330,台積電       ,20180710,0.002257
2330,台積電       ,20180711,-0.009009
2330,台積電       ,20180712,0.002273
2330,台積電       ,20180713,0.018141
2330,台積電       ,20180716,-0.004454
2330,台積電       ,20180717,-0.008949
2330,台積電       ,20180718,0.006772
2330,台積電       ,20180719,0.006726
2330,台積電       ,20180720,0.057906
2330,台積電       ,20180723,0.014737
2330,台積電       ,20180724,0
2330,台積電       ,20180725,-0.002075
2330,台積電       ,20180726,0.002079
2330,台積電       ,20180727,0.014523
2330,台積電       ,20180730,0.00409
2330,台積電       ,20180731,0.002037
2330,台積電       ,20180801,0.00813
2330,台積電       ,20180802,-0.014113
2330,台積電       ,20180803,0.010225
2330,台積電       ,20180806,-0.006073
2330,台積電       ,20180807,-0.016293
2330,台積電       ,20180808,0.024845
2330,台積電       ,20180809,-0.00202
2330,台積電       ,20180810,-0.008097
2330,台積電       ,20180813,-0.018367
2330,台積電       ,20180814,0.012474
2330,台積電       ,20180815,-0.008214
2330,台積電       ,20180816,-0.010352
2330,台積電       ,20180817,0.002092
2330,台積電       ,20180820,0
2330,台積電       ,20180821,0.006263
2330,台積電       ,20180822,0.004149
2330,台積電       ,20180823,0.010331
2330,台積電       ,20180824,-0.00409
2330,台積電       ,20180827,0.00616
2330,台積電       ,20180828,0.018367
2330,台積電       ,20180829,0.038076
2330,台積電       ,20180830,0.017375
2330,台積電       ,20180831,-0.028463
2330,台積電       ,20180903,0.003906
2330,台積電       ,20180904,0.001946
2330,台積電       ,20180905,0.025243
2330,台積電       ,20180906,-0.011364
2330,台積電       ,20180907,0.011494
2330,台積電       ,20180910,0.001894
2330,台積電       ,20180911,-0.017013
2330,台積電       ,20180912,0.001923
2330,台積電       ,20180913,-0.021113
2330,台積電       ,20180914,0.023529
2330,台積電       ,20180917,-0.011494
2330,台積電       ,20180918,-0.013566
2330,台積電       ,20180919,0.013752
2330,台積電       ,20180920,0.007752
2330,台積電       ,20180921,0.005769
2330,台積電       ,20180925,0.007648
2330,台積電       ,20180926,0
2330,台積電       ,20180927,0.005693
2330,台積電       ,20180928,-0.009434
2330,台積電       ,20181001,0.001905
2330,台積電       ,20181002,-0.020913
2330,台積電       ,20181003,0.009709
2330,台積電       ,20181004,-0.023077
2330,台積電       ,20181005,-0.015748
2330,台積電       ,20181008,-0.026
2330,台積電       ,20181009,0.002053
2330,台積電       ,20181011,-0.067623
2330,台積電       ,20181012,0.041758
2330,台積電       ,20181015,-0.027426
2330,台積電       ,20181016,0.0282
2330,台積電       ,20181017,0.006329
2330,台積電       ,20181018,-0.008386
2330,台積電       ,20181019,-0.002114
2330,台積電       ,20181022,0.004237
2330,台積電       ,20181023,-0.029536
2330,台積電       ,20181024,-0.002174
2330,台積電       ,20181025,-0.043573
2330,台積電       ,20181026,0.006834
2330,台積電       ,20181029,0.006787
2330,台積電       ,20181030,0.002247
2330,台積電       ,20181031,0.049327
2330,台積電       ,20181101,0.00641
2330,台積電       ,20181102,0.004246
2330,台積電       ,20181105,-0.006342
2330,台積電       ,20181106,-0.002128
2330,台積電       ,20181107,-0.002132
2330,台積電       ,20181108,0.010684
2330,台積電       ,20181109,-0.023256
2330,台積電       ,20181112,0.002165
2330,台積電       ,20181113,-0.017279
2330,台積電       ,20181114,0.004396
2330,台積電       ,20181115,0.010941
2330,台積電       ,20181116,-0.021645
2330,台積電       ,20181119,-0.017699
2330,台積電       ,20181120,-0.018018
2330,台積電       ,20181121,0.004587
2330,台積電       ,20181122,0
2330,台積電       ,20181123,-0.002283
2330,台積電       ,20181126,0.020595
2330,台積電       ,20181127,0.004484
2330,台積電       ,20181128,0.011161
2330,台積電       ,20181129,0.011038
2330,台積電       ,20181130,-0.015284
2330,台積電       ,20181203,0.042129
2330,台積電       ,20181204,-0.004255
2330,台積電       ,20181205,-0.034188
2330,台積電       ,20181206,-0.026549
2330,台積電       ,20181207,0.004545
2330,台積電       ,20181210,-0.00905
2330,台積電       ,20181211,0.015982
2330,台積電       ,20181212,0.017978
2330,台積電       ,20181213,-0.002208
2330,台積電       ,20181214,-0.015487
2330,台積電       ,20181217,0.004494
2330,台積電       ,20181218,-0.004474
2330,台積電       ,20181219,0.013483
2330,台積電       ,20181220,-0.019956
2330,台積電       ,20181221,0.011312
2330,台積電       ,20181222,-0.008949
2330,台積電       ,20181224,-0.006772
2330,台積電       ,20181225,-0.011364
2330,台積電       ,20181226,-0.004598
2330,台積電       ,20181227,0.030023
2330,台積電       ,20181228,0.011211
2882,國泰金       ,20180102,0.013084
2882,國泰金       ,20180103,0.01845
2882,國泰金       ,20180104,0.003623
2882,國泰金       ,20180105,0.005415
2882,國泰金       ,20180108,0
2882,國泰金       ,20180109,0.001795
2882,國泰金       ,20180110,-0.003584
2882,國泰金       ,20180111,-0.003597
2882,國泰金       ,20180112,0.00361
2882,國泰金       ,20180115,0.016187
2882,國泰金       ,20180116,0.00177
2882,國泰金       ,20180117,-0.0053
2882,國泰金       ,20180118,-0.007105
2882,國泰金       ,20180119,0.001789
2882,國泰金       ,20180122,-0.007143
2882,國泰金       ,20180123,0.007194
2882,國泰金       ,20180124,-0.005357
2882,國泰金       ,20180125,-0.001795
2882,國泰金       ,20180126,-0.016187
2882,國泰金       ,20180129,0.009141
2882,國泰金       ,20180130,-0.014493
2882,國泰金       ,20180131,0.003676
2882,國泰金       ,20180201,0.003663
2882,國泰金       ,20180202,-0.001825
2882,國泰金       ,20180205,-0.010969
2882,國泰金       ,20180206,-0.060998
2882,國泰金       ,20180207,0.037402
2882,國泰金       ,20180208,0.011385
2882,國泰金       ,20180209,-0.009381
2882,國泰金       ,20180212,0.003788
2882,國泰金       ,20180221,0.018868
2882,國泰金       ,20180222,0.003704
2882,國泰金       ,20180223,0.009225
2882,國泰金       ,20180226,-0.007313
2882,國泰金       ,20180227,0.003683
2882,國泰金       ,20180301,-0.011009
2882,國泰金       ,20180302,-0.011132
2882,國泰金       ,20180305,-0.013133
2882,國泰金       ,20180306,0.003802
2882,國泰金       ,20180307,-0.005682
2882,國泰金       ,20180308,-0.001905
2882,國泰金       ,20180309,-0.007634
2882,國泰金       ,20180312,0.048077
2882,國泰金       ,20180313,-0.011009
2882,國泰金       ,20180314,0
2882,國泰金       ,20180315,-0.009276
2882,國泰金       ,20180316,0
2882,國泰金       ,20180319,0.003745
2882,國泰金       ,20180320,-0.007463
2882,國泰金       ,20180321,0.003759
2882,國泰金       ,20180322,0
2882,國泰金       ,20180323,-0.022472
2882,國泰金       ,20180326,0.011494
2882,國泰金       ,20180327,0.00947
2882,國泰金       ,20180328,-0.015009
2882,國泰金       ,20180329,-0.013333
2882,國泰金       ,20180330,0.001931
2882,國泰金       ,20180331,0.011561
2882,國泰金       ,20180402,0
2882,國泰金       ,20180403,-0.009524
2882,國泰金       ,20180409,0.019231
2882,國泰金       ,20180410,0
2882,國泰金       ,20180411,0.00566
2882,國泰金       ,20180412,0
2882,國泰金       ,20180413,-0.009381
2882,國泰金       ,20180416,-0.005682
2882,國泰金       ,20180417,-0.017143
2882,國泰金       ,20180418,0.007752
2882,國泰金       ,20180419,0.017308
2882,國泰金       ,20180420,-0.007561
2882,國泰金       ,20180423,0
2882,國泰金       ,20180424,0
2882,國泰金       ,20180425,-0.005714
2882,國泰金       ,20180426,0.011494
2882,國泰金       ,20180427,0.013258
2882,國泰金       ,20180430,0
2882,國泰金       ,20180502,0
2882,國泰金       ,20180503,-0.011215
2882,國泰金       ,20180504,-0.00189
2882,國泰金       ,20180507,0.003788
2882,國泰金       ,20180508,0.009434
2882,國泰金       ,20180509,0.001869
2882,國泰金       ,20180510,-0.005597
2882,國泰金       ,20180511,0.02439
2882,國泰金       ,20180514,0.007326
2882,國泰金       ,20180515,-0.018182
2882,國泰金       ,20180516,0.016667
2882,國泰金       ,20180517,0
2882,國泰金       ,20180518,-0.009107
2882,國泰金       ,20180521,0.011029
2882,國泰金       ,20180522,-0.005455
2882,國泰金       ,20180523,-0.012797
2882,國泰金       ,20180524,0.003704
2882,國泰金       ,20180525,-0.005535
2882,國泰金       ,20180528,0.003711
2882,國泰金       ,20180529,0
2882,國泰金       ,20180530,-0.022181
2882,國泰金       ,20180531,0.013233
2882,國泰金       ,20180601,-0.001866
2882,國泰金       ,20180604,0.009346
2882,國泰金       ,20180605,0.005556
2882,國泰金       ,20180606,0.01105
2882,國泰金       ,20180607,0.001821
2882,國泰金       ,20180608,0
2882,國泰金       ,20180611,0.007273
2882,國泰金       ,20180612,-0.005415
2882,國泰金       ,20180613,0.00726
2882,國泰金       ,20180614,-0.018018
2882,國泰金       ,20180615,0.014679
2882,國泰金       ,20180619,-0.005425
2882,國泰金       ,20180620,0.009091
2882,國泰金       ,20180621,0.007207
2882,國泰金       ,20180622,0.001789
2882,國泰金       ,20180625,-0.007143
2882,國泰金       ,20180626,-0.001799
2882,國泰金       ,20180627,-0.003774
2882,國泰金       ,20180628,0.003788
2882,國泰金       ,20180629,0.015094
2882,國泰金       ,20180702,-0.011152
2882,國泰金       ,20180703,-0.020677
2882,國泰金       ,20180704,-0.003839
2882,國泰金       ,20180705,-0.009634
2882,國泰金       ,20180706,-0.007782
2882,國泰金       ,20180709,0.013725
2882,國泰金       ,20180710,0.001934
2882,國泰金       ,20180711,-0.011583
2882,國泰金       ,20180712,0.017578
2882,國泰金       ,20180713,0.001919
2882,國泰金       ,20180716,-0.003831
2882,國泰金       ,20180717,0.003846
2882,國泰金       ,20180718,0.009579
2882,國泰金       ,20180719,-0.005693
2882,國泰金       ,20180720,-0.001908
2882,國泰金       ,20180723,0
2882,國泰金       ,20180724,-0.003824
2882,國泰金       ,20180725,0
2882,國泰金       ,20180726,0
2882,國泰金       ,20180727,0.005758
2882,國泰金       ,20180730,-0.003817
2882,國泰金       ,20180731,0.009579
2882,國泰金       ,20180801,-0.003795
2882,國泰金       ,20180802,-0.009524
2882,國泰金       ,20180803,0.015385
2882,國泰金       ,20180806,0.003788
2882,國泰金       ,20180807,-0.009434
2882,國泰金       ,20180808,0.009524
2882,國泰金       ,20180809,-0.00566
2882,國泰金       ,20180810,0.005693
2882,國泰金       ,20180813,-0.018868
2882,國泰金       ,20180814,0.003846
2882,國泰金       ,20180815,-0.005747
2882,國泰金       ,20180816,-0.007707
2882,國泰金       ,20180817,0.005825
2882,國泰金       ,20180820,-0.009653
2882,國泰金       ,20180821,0.011696
2882,國泰金       ,20180822,0.003854
2882,國泰金       ,20180823,0.007678
2882,國泰金       ,20180824,0.005714
2882,國泰金       ,20180827,0
2882,國泰金       ,20180828,-0.001894
2882,國泰金       ,20180829,-0.001898
2882,國泰金       ,20180830,-0.007605
2882,國泰金       ,20180831,0.007663
2882,國泰金       ,20180903,-0.011407
2882,國泰金       ,20180904,0.003846
2882,國泰金       ,20180905,-0.007663
2882,國泰金       ,20180906,-0.005792
2882,國泰金       ,20180907,-0.005825
2882,國泰金       ,20180910,-0.005859
2882,國泰金       ,20180911,-0.007859
2882,國泰金       ,20180912,0
2882,國泰金       ,20180913,0
2882,國泰金       ,20180914,0.013861
2882,國泰金       ,20180917,0
2882,國泰金       ,20180918,-0.005859
2882,國泰金       ,20180919,0.009823
2882,國泰金       ,20180920,0.015564
2882,國泰金       ,20180921,0.01341
2882,國泰金       ,20180925,-0.00189
2882,國泰金       ,20180926,0.003788
2882,國泰金       ,20180927,-0.003774
2882,國泰金       ,20180928,-0.005682
2882,國泰金       ,20181001,0.007619
2882,國泰金       ,20181002,-0.011342
2882,國泰金       ,20181003,-0.001912
2882,國泰金       ,20181004,-0.009579
2882,國泰金       ,20181005,-0.009671
2882,國泰金       ,20181008,0.013672
2882,國泰金       ,20181009,0.009634
2882,國泰金       ,20181011,-0.043893
2882,國泰金       ,20181012,0.00998
2882,國泰金       ,20181015,-0.011858
2882,國泰金       ,20181016,0.008
2882,國泰金       ,20181017,-0.007937
2882,國泰金       ,20181018,0
2882,國泰金       ,20181019,0.006
2882,國泰金       ,20181022,0
2882,國泰金       ,20181023,-0.019881
2882,國泰金       ,20181024,0.009128
2882,國泰金       ,20181025,-0.021106
2882,國泰金       ,20181026,-0.026694
2882,國泰金       ,20181029,0.00211
2882,國泰金       ,20181030,0.017895
2882,國泰金       ,20181031,0.013444
2882,國泰金       ,20181101,-0.005102
2882,國泰金       ,20181102,0.015385
2882,國泰金       ,20181105,0.00202
2882,國泰金       ,20181106,-0.004032
2882,國泰金       ,20181107,0.01417
2882,國泰金       ,20181108,0.015968
2882,國泰金       ,20181109,0.001965
2882,國泰金       ,20181112,-0.003922
2882,國泰金       ,20181113,-0.011811
2882,國泰金       ,20181114,0.003984
2882,國泰金       ,20181115,0.007937
2882,國泰金       ,20181116,-0.001969
2882,國泰金       ,20181119,0.005917
2882,國泰金       ,20181120,-0.015686
2882,國泰金       ,20181121,0
2882,國泰金       ,20181122,0.003984
2882,國泰金       ,20181123,-0.008929
2882,國泰金       ,20181126,-0.008008
2882,國泰金       ,20181127,-0.010091
2882,國泰金       ,20181128,-0.005097
2882,國泰金       ,20181129,-0.005123
2882,國泰金       ,20181130,0
2882,國泰金       ,20181203,0.011329
2882,國泰金       ,20181204,-0.003055
2882,國泰金       ,20181205,-0.011236
2882,國泰金       ,20181206,-0.003099
2882,國泰金       ,20181207,-0.002073
2882,國泰金       ,20181210,-0.011423
2882,國泰金       ,20181211,0
2882,國泰金       ,20181212,-0.002101
2882,國泰金       ,20181213,0.015789
2882,國泰金       ,20181214,-0.014508
2882,國泰金       ,20181217,0.003155
2882,國泰金       ,20181218,-0.010482
2882,國泰金       ,20181219,0.001059
2882,國泰金       ,20181220,-0.005291
2882,國泰金       ,20181221,-0.001064
2882,國泰金       ,20181222,-0.00213
2882,國泰金       ,20181224,-0.007471
2882,國泰金       ,20181225,-0.010753
2882,國泰金       ,20181226,0
2882,國泰金       ,20181227,0.015217
2882,國泰金       ,20181228,0.006424
2912,統一超       ,20180102,0.012324
2912,統一超       ,20180103,-0.010435
2912,統一超       ,20180104,0.003515
2912,統一超       ,20180105,-0.008757
2912,統一超       ,20180108,0.014134
2912,統一超       ,20180109,-0.001742
2912,統一超       ,20180110,-0.012216
2912,統一超       ,20180111,0.003534
2912,統一超       ,20180112,0.001761
2912,統一超       ,20180115,0.005272
2912,統一超       ,20180116,-0.003497
2912,統一超       ,20180117,0.010526
2912,統一超       ,20180118,0.010417
2912,統一超       ,20180119,-0.012027
2912,統一超       ,20180122,-0.001739
2912,統一超       ,20180123,0.005226
2912,統一超       ,20180124,-0.005199
2912,統一超       ,20180125,0.013937
2912,統一超       ,20180126,-0.008591
2912,統一超       ,20180129,0.010399
2912,統一超       ,20180130,-0.018868
2912,統一超       ,20180131,0.008741
2912,統一超       ,20180201,0.010399
2912,統一超       ,20180202,-0.001715
2912,統一超       ,20180205,-0.008591
2912,統一超       ,20180206,-0.041594
2912,統一超       ,20180207,0.012658
2912,統一超       ,20180208,-0.014286
2912,統一超       ,20180209,-0.01087
2912,統一超       ,20180212,0.001832
2912,統一超       ,20180221,0.025594
2912,統一超       ,20180222,0.005348
2912,統一超       ,20180223,0.01773
2912,統一超       ,20180226,0.057491
2912,統一超       ,20180227,-0.029654
2912,統一超       ,20180301,0
2912,統一超       ,20180302,-0.013582
2912,統一超       ,20180305,-0.008606
2912,統一超       ,20180306,-0.001736
2912,統一超       ,20180307,0.001739
2912,統一超       ,20180308,-0.003472
2912,統一超       ,20180309,0.013937
2912,統一超       ,20180312,0.006873
2912,統一超       ,20180313,0.008532
2912,統一超       ,20180314,-0.011844
2912,統一超       ,20180315,0.005137
2912,統一超       ,20180316,0.028961
2912,統一超       ,20180319,-0.013245
2912,統一超       ,20180320,0.001678
2912,統一超       ,20180321,0.00335
2912,統一超       ,20180322,-0.016694
2912,統一超       ,20180323,-0.005093
2912,統一超       ,20180326,0.006826
2912,統一超       ,20180327,0.00678
2912,統一超       ,20180328,0
2912,統一超       ,20180329,-0.013468
2912,統一超       ,20180330,0.010239
2912,統一超       ,20180331,-0.006757
2912,統一超       ,20180402,0.005102
2912,統一超       ,20180403,0.00846
2912,統一超       ,20180409,0.005034
2912,統一超       ,20180410,0.010017
2912,統一超       ,20180411,-0.006612
2912,統一超       ,20180412,0.003328
2912,統一超       ,20180413,0.004975
2912,統一超       ,20180416,-0.008251
2912,統一超       ,20180417,0.003328
2912,統一超       ,20180418,0.003317
2912,統一超       ,20180419,0.009917
2912,統一超       ,20180420,-0.006547
2912,統一超       ,20180423,-0.028007
2912,統一超       ,20180424,0
2912,統一超       ,20180425,0
2912,統一超       ,20180426,-0.00678
2912,統一超       ,20180427,-0.001706
2912,統一超       ,20180430,0
2912,統一超       ,20180502,0.006838
2912,統一超       ,20180503,-0.006791
2912,統一超       ,20180504,-0.006838
2912,統一超       ,20180507,0
2912,統一超       ,20180508,0.010327
2912,統一超       ,20180509,-0.013629
2912,統一超       ,20180510,0.039724
2912,統一超       ,20180511,0.006645
2912,統一超       ,20180514,-0.0033
2912,統一超       ,20180515,0.014901
2912,統一超       ,20180516,0.003263
2912,統一超       ,20180517,-0.00813
2912,統一超       ,20180518,0.022951
2912,統一超       ,20180521,-0.004808
2912,統一超       ,20180522,-0.016103
2912,統一超       ,20180523,0.006547
2912,統一超       ,20180524,0.011382
2912,統一超       ,20180525,-0.009646
2912,統一超       ,20180528,-0.003247
2912,統一超       ,20180529,0.006515
2912,統一超       ,20180530,-0.012945
2912,統一超       ,20180531,0.006557
2912,統一超       ,20180601,0.016287
2912,統一超       ,20180604,0.009615
2912,統一超       ,20180605,0.02381
2912,統一超       ,20180606,-0.010853
2912,統一超       ,20180607,-0.014107
2912,統一超       ,20180608,0.004769
2912,統一超       ,20180611,-0.001582
2912,統一超       ,20180612,0.006339
2912,統一超       ,20180613,0.004724
2912,統一超       ,20180614,-0.017241
2912,統一超       ,20180615,-0.001595
2912,統一超       ,20180619,0.028754
2912,統一超       ,20180620,0.003106
2912,統一超       ,20180621,0.034056
2912,統一超       ,20180622,-0.008982
2912,統一超       ,20180625,0.012085
2912,統一超       ,20180626,0.041791
2912,統一超       ,20180627,-0.024355
2912,統一超       ,20180628,0.001468
2912,統一超       ,20180629,0.013196
2912,統一超       ,20180702,-0.02026
2912,統一超       ,20180703,0.002954
2912,統一超       ,20180704,0.014728
2912,統一超       ,20180705,-0.008708
2912,統一超       ,20180706,0.014641
2912,統一超       ,20180709,0.01443
2912,統一超       ,20180710,-0.004267
2912,統一超       ,20180711,0.008571
2912,統一超       ,20180712,-0.005666
2912,統一超       ,20180713,0.014245
2912,統一超       ,20180716,-0.016854
2912,統一超       ,20180717,-0.007143
2912,統一超       ,20180718,0.008633
2912,統一超       ,20180719,-0.00428
2912,統一超       ,20180720,0.025788
2912,統一超       ,20180723,0.039106
2912,統一超       ,20180724,-0.012097
2912,統一超       ,20180725,-0.09932
2912,統一超       ,20180726,0.013595
2912,統一超       ,20180727,-0.014903
2912,統一超       ,20180730,-0.001513
2912,統一超       ,20180731,0.019697
2912,統一超       ,20180801,-0.016345
2912,統一超       ,20180802,-0.001634
2912,統一超       ,20180803,0.01473
2912,統一超       ,20180806,0.003226
2912,統一超       ,20180807,-0.006431
2912,統一超       ,20180808,0.012945
2912,統一超       ,20180809,-0.019169
2912,統一超       ,20180810,0.008143
2912,統一超       ,20180813,-0.008078
2912,統一超       ,20180814,0.019544
2912,統一超       ,20180815,0.007987
2912,統一超       ,20180816,0.011094
2912,統一超       ,20180817,-0.004702
2912,統一超       ,20180820,-0.029921
2912,統一超       ,20180821,0.030844
2912,統一超       ,20180822,0.017323
2912,統一超       ,20180823,0.003096
2912,統一超       ,20180824,0
2912,統一超       ,20180827,0.007716
2912,統一超       ,20180828,0.004594
2912,統一超       ,20180829,0.007622
2912,統一超       ,20180830,-0.003026
2912,統一超       ,20180831,0.016692
2912,統一超       ,20180903,-0.022388
2912,統一超       ,20180904,-0.001527
2912,統一超       ,20180905,-0.015291
2912,統一超       ,20180906,0.024845
2912,統一超       ,20180907,0.007576
2912,統一超       ,20180910,0.016541
2912,統一超       ,20180911,0.026627
2912,統一超       ,20180912,0.017291
2912,統一超       ,20180913,0.028329
2912,統一超       ,20180914,-0.028926
2912,統一超       ,20180917,0.012766
2912,統一超       ,20180918,-0.014006
2912,統一超       ,20180919,0.019886
2912,統一超       ,20180920,-0.034819
2912,統一超       ,20180921,0.024531
2912,統一超       ,20180925,-0.012676
2912,統一超       ,20180926,0.002853
2912,統一超       ,20180927,0.024182
2912,統一超       ,20180928,-0.004167
2912,統一超       ,20181001,-0.002789
2912,統一超       ,20181002,-0.00979
2912,統一超       ,20181003,0.002825
2912,統一超       ,20181004,-0.056338
2912,統一超       ,20181005,0.001493
2912,統一超       ,20181008,0.007452
2912,統一超       ,20181009,0.023669
2912,統一超       ,20181011,-0.078035
2912,統一超       ,20181012,0.03605
2912,統一超       ,20181015,0.009077
2912,統一超       ,20181016,-0.001499
2912,統一超       ,20181017,-0.021021
2912,統一超       ,20181018,0.027607
2912,統一超       ,20181019,0
2912,統一超       ,20181022,-0.002985
2912,統一超       ,20181023,-0.013473
2912,統一超       ,20181024,0.025797
2912,統一超       ,20181025,0
2912,統一超       ,20181026,0.014793
2912,統一超       ,20181029,-0.014577
2912,統一超       ,20181030,0.025148
2912,統一超       ,20181031,0.007215
2912,統一超       ,20181101,-0.012894
2912,統一超       ,20181102,-0.007257
2912,統一超       ,20181105,-0.010234
2912,統一超       ,20181106,-0.031019
2912,統一超       ,20181107,-0.035061
2912,統一超       ,20181108,0.025276
2912,統一超       ,20181109,-0.021572
2912,統一超       ,20181112,-0.00315
2912,統一超       ,20181113,-0.00158
2912,統一超       ,20181114,0.003165
2912,統一超       ,20181115,0.012618
2912,統一超       ,20181116,-0.012461
2912,統一超       ,20181119,0.009464
2912,統一超       ,20181120,0.004687
2912,統一超       ,20181121,0.001555
2912,統一超       ,20181122,-0.003106
2912,統一超       ,20181123,-0.004673
2912,統一超       ,20181126,0.00626
2912,統一超       ,20181127,0.00311
2912,統一超       ,20181128,0.017054
2912,統一超       ,20181129,-0.01372
2912,統一超       ,20181130,-0.017002
2912,統一超       ,20181203,0.001572
2912,統一超       ,20181204,-0.006279
2912,統一超       ,20181205,0.004739
2912,統一超       ,20181206,-0.034591
2912,統一超       ,20181207,0.019544
2912,統一超       ,20181210,-0.015974
2912,統一超       ,20181211,0.037338
2912,統一超       ,20181212,-0.020344
2912,統一超       ,20181213,0.017572
2912,統一超       ,20181214,-0.010989
2912,統一超       ,20181217,0.003175
2912,統一超       ,20181218,-0.004747
2912,統一超       ,20181219,0.015898
2912,統一超       ,20181220,-0.00313
2912,統一超       ,20181221,-0.028257
2912,統一超       ,20181222,0.004847
2912,統一超       ,20181224,0
2912,統一超       ,20181225,-0.008039
2912,統一超       ,20181226,-0.004862
2912,統一超       ,20181227,0.016287
2912,統一超       ,20181228,-0.003205
3045,台灣大       ,20180102,0.004651
3045,台灣大       ,20180103,0.00463
3045,台灣大       ,20180104,0
3045,台灣大       ,20180105,0
3045,台灣大       ,20180108,0.013825
3045,台灣大       ,20180109,0.009091
3045,台灣大       ,20180110,-0.009009
3045,台灣大       ,20180111,0.009091
3045,台灣大       ,20180112,0
3045,台灣大       ,20180115,0.009009
3045,台灣大       ,20180116,-0.008929
3045,台灣大       ,20180117,0
3045,台灣大       ,20180118,-0.013514
3045,台灣大       ,20180119,0
3045,台灣大       ,20180122,0
3045,台灣大       ,20180123,0
3045,台灣大       ,20180124,0.004566
3045,台灣大       ,20180125,0
3045,台灣大       ,20180126,0.004545
3045,台灣大       ,20180129,0.00905
3045,台灣大       ,20180130,-0.004484
3045,台灣大       ,20180131,0.004505
3045,台灣大       ,20180201,0
3045,台灣大       ,20180202,-0.022422
3045,台灣大       ,20180205,0
3045,台灣大       ,20180206,-0.027523
3045,台灣大       ,20180207,0.018868
3045,台灣大       ,20180208,-0.009259
3045,台灣大       ,20180209,0
3045,台灣大       ,20180212,0.004673
3045,台灣大       ,20180221,0.004651
3045,台灣大       ,20180222,-0.009259
3045,台灣大       ,20180223,0.004673
3045,台灣大       ,20180226,0
3045,台灣大       ,20180227,0
3045,台灣大       ,20180301,-0.009302
3045,台灣大       ,20180302,0.004695
3045,台灣大       ,20180305,-0.004673
3045,台灣大       ,20180306,0.00939
3045,台灣大       ,20180307,-0.004651
3045,台灣大       ,20180308,0
3045,台灣大       ,20180309,-0.004673
3045,台灣大       ,20180312,-0.004695
3045,台灣大       ,20180313,0
3045,台灣大       ,20180314,0
3045,台灣大       ,20180315,0
3045,台灣大       ,20180316,-0.004717
3045,台灣大       ,20180319,0.004739
3045,台灣大       ,20180320,0
3045,台灣大       ,20180321,0.009434
3045,台灣大       ,20180322,0.009346
3045,台灣大       ,20180323,-0.009259
3045,台灣大       ,20180326,0.009346
3045,台灣大       ,20180327,0.00463
3045,台灣大       ,20180328,0
3045,台灣大       ,20180329,0.004608
3045,台灣大       ,20180330,0.004587
3045,台灣大       ,20180331,0.004566
3045,台灣大       ,20180402,0
3045,台灣大       ,20180403,-0.004545
3045,台灣大       ,20180409,0.004566
3045,台灣大       ,20180410,0
3045,台灣大       ,20180411,0
3045,台灣大       ,20180412,-0.004545
3045,台灣大       ,20180413,-0.004566
3045,台灣大       ,20180416,0.013761
3045,台灣大       ,20180417,-0.00905
3045,台灣大       ,20180418,0.004566
3045,台灣大       ,20180419,0
3045,台灣大       ,20180420,0
3045,台灣大       ,20180423,0
3045,台灣大       ,20180424,-0.009091
3045,台灣大       ,20180425,-0.004587
3045,台灣大       ,20180426,0.004608
3045,台灣大       ,20180427,0
3045,台灣大       ,20180430,0.004587
3045,台灣大       ,20180502,0.013699
3045,台灣大       ,20180503,-0.009009
3045,台灣大       ,20180504,-0.004545
3045,台灣大       ,20180507,-0.004566
3045,台灣大       ,20180508,0.009174
3045,台灣大       ,20180509,-0.013636
3045,台灣大       ,20180510,-0.004608
3045,台灣大       ,20180511,-0.009259
3045,台灣大       ,20180514,0
3045,台灣大       ,20180515,0
3045,台灣大       ,20180516,0.004673
3045,台灣大       ,20180517,0
3045,台灣大       ,20180518,0.009302
3045,台灣大       ,20180521,0
3045,台灣大       ,20180522,0
3045,台灣大       ,20180523,0
3045,台灣大       ,20180524,0.004608
3045,台灣大       ,20180525,0.004587
3045,台灣大       ,20180528,0.004566
3045,台灣大       ,20180529,0
3045,台灣大       ,20180530,-0.004545
3045,台灣大       ,20180531,0.004566
3045,台灣大       ,20180601,0.004545
3045,台灣大       ,20180604,0
3045,台灣大       ,20180605,-0.004525
3045,台灣大       ,20180606,-0.004545
3045,台灣大       ,20180607,0.009132
3045,台灣大       ,20180608,0
3045,台灣大       ,20180611,-0.004525
3045,台灣大       ,20180612,0.004545
3045,台灣大       ,20180613,0.004525
3045,台灣大       ,20180614,-0.009009
3045,台灣大       ,20180615,-0.004545
3045,台灣大       ,20180619,0
3045,台灣大       ,20180620,0.004566
3045,台灣大       ,20180621,0.009091
3045,台灣大       ,20180622,0
3045,台灣大       ,20180625,-0.004505
3045,台灣大       ,20180626,0
3045,台灣大       ,20180627,0
3045,台灣大       ,20180628,0.004525
3045,台灣大       ,20180629,-0.004505
3045,台灣大       ,20180702,-0.004525
3045,台灣大       ,20180703,0.004545
3045,台灣大       ,20180704,0.004525
3045,台灣大       ,20180705,-0.004505
3045,台灣大       ,20180706,0.004525
3045,台灣大       ,20180709,0.004505
3045,台灣大       ,20180710,0.000897
3045,台灣大       ,20180711,0
3045,台灣大       ,20180712,-0.009434
3045,台灣大       ,20180713,0
3045,台灣大       ,20180716,0.004762
3045,台灣大       ,20180717,0
3045,台灣大       ,20180718,0
3045,台灣大       ,20180719,-0.004739
3045,台灣大       ,20180720,0
3045,台灣大       ,20180723,0.004762
3045,台灣大       ,20180724,0.004739
3045,台灣大       ,20180725,-0.004717
3045,台灣大       ,20180726,0
3045,台灣大       ,20180727,0
3045,台灣大       ,20180730,0
3045,台灣大       ,20180731,0
3045,台灣大       ,20180801,0.004739
3045,台灣大       ,20180802,-0.009434
3045,台灣大       ,20180803,0
3045,台灣大       ,20180806,0.004762
3045,台灣大       ,20180807,-0.004739
3045,台灣大       ,20180808,0
3045,台灣大       ,20180809,0
3045,台灣大       ,20180810,0.009524
3045,台灣大       ,20180813,-0.004717
3045,台灣大       ,20180814,0.004739
3045,台灣大       ,20180815,-0.004717
3045,台灣大       ,20180816,-0.004739
3045,台灣大       ,20180817,0.009524
3045,台灣大       ,20180820,0
3045,台灣大       ,20180821,0.004717
3045,台灣大       ,20180822,0.004695
3045,台灣大       ,20180823,0.004673
3045,台灣大       ,20180824,-0.004651
3045,台灣大       ,20180827,0.004673
3045,台灣大       ,20180828,0
3045,台灣大       ,20180829,0
3045,台灣大       ,20180830,-0.004651
3045,台灣大       ,20180831,0
3045,台灣大       ,20180903,0.004673
3045,台灣大       ,20180904,0
3045,台灣大       ,20180905,-0.004651
3045,台灣大       ,20180906,0
3045,台灣大       ,20180907,0.004673
3045,台灣大       ,20180910,0
3045,台灣大       ,20180911,0.009302
3045,台灣大       ,20180912,0.004608
3045,台灣大       ,20180913,0
3045,台灣大       ,20180914,0.004587
3045,台灣大       ,20180917,-0.004566
3045,台灣大       ,20180918,0
3045,台灣大       ,20180919,0.004587
3045,台灣大       ,20180920,-0.004566
3045,台灣大       ,20180921,0.004587
3045,台灣大       ,20180925,-0.004566
3045,台灣大       ,20180926,0
3045,台灣大       ,20180927,0.004587
3045,台灣大       ,20180928,0
3045,台灣大       ,20181001,0
3045,台灣大       ,20181002,-0.004566
3045,台灣大       ,20181003,0.004587
3045,台灣大       ,20181004,-0.013699
3045,台灣大       ,20181005,0.00463
3045,台灣大       ,20181008,0.004608
3045,台灣大       ,20181009,0
3045,台灣大       ,20181011,-0.009174
3045,台灣大       ,20181012,0.00463
3045,台灣大       ,20181015,-0.009217
3045,台灣大       ,20181016,0
3045,台灣大       ,20181017,0.004651
3045,台灣大       ,20181018,0
3045,台灣大       ,20181019,0.00463
3045,台灣大       ,20181022,-0.004608
3045,台灣大       ,20181023,-0.00463
3045,台灣大       ,20181024,0.009302
3045,台灣大       ,20181025,0.009217
3045,台灣大       ,20181026,0.004566
3045,台灣大       ,20181029,0
3045,台灣大       ,20181030,0
3045,台灣大       ,20181031,0.004545
3045,台灣大       ,20181101,-0.00905
3045,台灣大       ,20181102,-0.013699
3045,台灣大       ,20181105,0.00463
3045,台灣大       ,20181106,0.004608
3045,台灣大       ,20181107,0.009174
3045,台灣大       ,20181108,-0.004545
3045,台灣大       ,20181109,-0.004566
3045,台灣大       ,20181112,0.004587
3045,台灣大       ,20181113,0.004566
3045,台灣大       ,20181114,0.004545
3045,台灣大       ,20181115,0
3045,台灣大       ,20181116,-0.013575
3045,台灣大       ,20181119,0.004587
3045,台灣大       ,20181120,0.004566
3045,台灣大       ,20181121,-0.004545
3045,台灣大       ,20181122,0
3045,台灣大       ,20181123,0.004566
3045,台灣大       ,20181126,-0.004545
3045,台灣大       ,20181127,0
3045,台灣大       ,20181128,0.004566
3045,台灣大       ,20181129,-0.009091
3045,台灣大       ,20181130,0
3045,台灣大       ,20181203,-0.009174
3045,台灣大       ,20181204,-0.009259
3045,台灣大       ,20181205,0.004673
3045,台灣大       ,20181206,-0.004651
3045,台灣大       ,20181207,0.009346
3045,台灣大       ,20181210,-0.00463
3045,台灣大       ,20181211,0.004651
3045,台灣大       ,20181212,-0.009259
3045,台灣大       ,20181213,0.009346
3045,台灣大       ,20181214,-0.00463
3045,台灣大       ,20181217,0.004651
3045,台灣大       ,20181218,0
3045,台灣大       ,20181219,0
3045,台灣大       ,20181220,0
3045,台灣大       ,20181221,0
3045,台灣大       ,20181222,-0.00463
3045,台灣大       ,20181224,0.004651
3045,台灣大       ,20181225,-0.00463
3045,台灣大       ,20181226,-0.009302
3045,台灣大       ,20181227,0
3045,台灣大       ,20181228,0
5871,中租-KY      ,20180102,0.011547
5871,中租-KY      ,20180103,0.003425
5871,中租-KY      ,20180104,0.023891
5871,中租-KY      ,20180105,0.04
5871,中租-KY      ,20180108,-0.001068
5871,中租-KY      ,20180109,0.007487
5871,中租-KY      ,20180110,-0.014862
5871,中租-KY      ,20180111,0.029095
5871,中租-KY      ,20180112,-0.005236
5871,中租-KY      ,20180115,0.006316
5871,中租-KY      ,20180116,-0.018828
5871,中租-KY      ,20180117,0.030917
5871,中租-KY      ,20180118,0.001034
5871,中租-KY      ,20180119,-0.012397
5871,中租-KY      ,20180122,-0.00523
5871,中租-KY      ,20180123,0.003155
5871,中租-KY      ,20180124,0.018868
5871,中租-KY      ,20180125,0.033951
5871,中租-KY      ,20180126,-0.012935
5871,中租-KY      ,20180129,-0.016129
5871,中租-KY      ,20180130,0.002049
5871,中租-KY      ,20180131,0.003067
5871,中租-KY      ,20180201,0.003058
5871,中租-KY      ,20180202,-0.022358
5871,中租-KY      ,20180205,-0.025988
5871,中租-KY      ,20180206,-0.037353
5871,中租-KY      ,20180207,0.004435
5871,中租-KY      ,20180208,0.02649
5871,中租-KY      ,20180209,-0.031183
5871,中租-KY      ,20180212,0.00222
5871,中租-KY      ,20180221,0.049834
5871,中租-KY      ,20180222,0.030591
5871,中租-KY      ,20180223,-0.009212
5871,中租-KY      ,20180226,0.004132
5871,中租-KY      ,20180227,0.010288
5871,中租-KY      ,20180301,0.010183
5871,中租-KY      ,20180302,-0.02621
5871,中租-KY      ,20180305,0.007246
5871,中租-KY      ,20180306,-0.00925
5871,中租-KY      ,20180307,-0.007261
5871,中租-KY      ,20180308,0.00209
5871,中租-KY      ,20180309,0.012513
5871,中租-KY      ,20180312,0.086509
5871,中租-KY      ,20180313,-0.018957
5871,中租-KY      ,20180314,-0.019324
5871,中租-KY      ,20180315,0.009852
5871,中租-KY      ,20180316,0.043902
5871,中租-KY      ,20180319,0
5871,中租-KY      ,20180320,-0.018692
5871,中租-KY      ,20180321,0.019048
5871,中租-KY      ,20180322,-0.037383
5871,中租-KY      ,20180323,-0.014563
5871,中租-KY      ,20180326,0.014778
5871,中租-KY      ,20180327,0
5871,中租-KY      ,20180328,0
5871,中租-KY      ,20180329,-0.029126
5871,中租-KY      ,20180330,0.03
5871,中租-KY      ,20180331,0.004854
5871,中租-KY      ,20180402,-0.004831
5871,中租-KY      ,20180403,-0.024272
5871,中租-KY      ,20180409,-0.00597
5871,中租-KY      ,20180410,0.036036
5871,中租-KY      ,20180411,0.014493
5871,中租-KY      ,20180412,0.014286
5871,中租-KY      ,20180413,-0.018779
5871,中租-KY      ,20180416,0.004785
5871,中租-KY      ,20180417,-0.028571
5871,中租-KY      ,20180418,0
5871,中租-KY      ,20180419,0.009804
5871,中租-KY      ,20180420,0.014563
5871,中租-KY      ,20180423,-0.004785
5871,中租-KY      ,20180424,0.004808
5871,中租-KY      ,20180425,0
5871,中租-KY      ,20180426,0
5871,中租-KY      ,20180427,0.023923
5871,中租-KY      ,20180430,0.018692
5871,中租-KY      ,20180502,-0.004587
5871,中租-KY      ,20180503,-0.02765
5871,中租-KY      ,20180504,0.004739
5871,中租-KY      ,20180507,0.009434
5871,中租-KY      ,20180508,0.009346
5871,中租-KY      ,20180509,0.013889
5871,中租-KY      ,20180510,-0.004566
5871,中租-KY      ,20180511,0.027523
5871,中租-KY      ,20180514,0.004464
5871,中租-KY      ,20180515,-0.022222
5871,中租-KY      ,20180516,0
5871,中租-KY      ,20180517,-0.018182
5871,中租-KY      ,20180518,-0.018519
5871,中租-KY      ,20180521,0.009434
5871,中租-KY      ,20180522,0.004673
5871,中租-KY      ,20180523,0.009302
5871,中租-KY      ,20180524,-0.004608
5871,中租-KY      ,20180525,0.009259
5871,中租-KY      ,20180528,-0.004587
5871,中租-KY      ,20180529,-0.013825
5871,中租-KY      ,20180530,-0.018692
5871,中租-KY      ,20180531,0.019048
5871,中租-KY      ,20180601,0.018692
5871,中租-KY      ,20180604,0
5871,中租-KY      ,20180605,0.009174
5871,中租-KY      ,20180606,0
5871,中租-KY      ,20180607,0.018182
5871,中租-KY      ,20180608,-0.008929
5871,中租-KY      ,20180611,0.013514
5871,中租-KY      ,20180612,-0.022222
5871,中租-KY      ,20180613,-0.009091
5871,中租-KY      ,20180614,-0.022936
5871,中租-KY      ,20180615,0.00939
5871,中租-KY      ,20180619,-0.027907
5871,中租-KY      ,20180620,-0.014354
5871,中租-KY      ,20180621,0.014563
5871,中租-KY      ,20180622,0.004785
5871,中租-KY      ,20180625,-0.019048
5871,中租-KY      ,20180626,-0.019417
5871,中租-KY      ,20180627,0
5871,中租-KY      ,20180628,-0.019802
5871,中租-KY      ,20180629,0.010101
5871,中租-KY      ,20180702,-0.028
5871,中租-KY      ,20180703,-0.020576
5871,中租-KY      ,20180704,0.010504
5871,中租-KY      ,20180705,-0.011435
5871,中租-KY      ,20180706,-0.003155
5871,中租-KY      ,20180709,0.029536
5871,中租-KY      ,20180710,0.023566
5871,中租-KY      ,20180711,-0.018018
5871,中租-KY      ,20180712,0.010194
5871,中租-KY      ,20180713,0.019173
5871,中租-KY      ,20180716,-0.015842
5871,中租-KY      ,20180717,0.006036
5871,中租-KY      ,20180718,0
5871,中租-KY      ,20180719,0
5871,中租-KY      ,20180720,-0.003
5871,中租-KY      ,20180723,-0.002006
5871,中租-KY      ,20180724,0.030151
5871,中租-KY      ,20180725,0.014634
5871,中租-KY      ,20180726,0.009615
5871,中租-KY      ,20180727,-0.004762
5871,中租-KY      ,20180730,0.023923
5871,中租-KY      ,20180731,-0.011215
5871,中租-KY      ,20180801,0.005
5871,中租-KY      ,20180802,-0.008955
5871,中租-KY      ,20180803,-0.003012
5871,中租-KY      ,20180806,0.004028
5871,中租-KY      ,20180807,-0.01003
5871,中租-KY      ,20180808,0.001013
5871,中租-KY      ,20180809,0.027328
5871,中租-KY      ,20180810,0.009852
5871,中租-KY      ,20180813,0
5871,中租-KY      ,20180814,0.014634
5871,中租-KY      ,20180815,-0.024038
5871,中租-KY      ,20180816,-0.032512
5871,中租-KY      ,20180817,0.009165
5871,中租-KY      ,20180820,-0.006054
5871,中租-KY      ,20180821,0.020305
5871,中租-KY      ,20180822,0
5871,中租-KY      ,20180823,0.014925
5871,中租-KY      ,20180824,0.004902
5871,中租-KY      ,20180827,0.014634
5871,中租-KY      ,20180828,0.004808
5871,中租-KY      ,20180829,-0.014354
5871,中租-KY      ,20180830,0.009709
5871,中租-KY      ,20180831,0.004808
5871,中租-KY      ,20180903,-0.004785
5871,中租-KY      ,20180904,0.004808
5871,中租-KY      ,20180905,-0.009569
5871,中租-KY      ,20180906,0
5871,中租-KY      ,20180907,-0.009662
5871,中租-KY      ,20180910,-0.004878
5871,中租-KY      ,20180911,-0.020588
5871,中租-KY      ,20180912,0.006006
5871,中租-KY      ,20180913,0.004975
5871,中租-KY      ,20180914,0.024752
5871,中租-KY      ,20180917,0.004831
5871,中租-KY      ,20180918,0.009615
5871,中租-KY      ,20180919,0.004762
5871,中租-KY      ,20180920,0.028436
5871,中租-KY      ,20180921,0
5871,中租-KY      ,20180925,0.004608
5871,中租-KY      ,20180926,0.004587
5871,中租-KY      ,20180927,-0.004566
5871,中租-KY      ,20180928,-0.018349
5871,中租-KY      ,20181001,0
5871,中租-KY      ,20181002,-0.004673
5871,中租-KY      ,20181003,-0.018779
5871,中租-KY      ,20181004,0.009569
5871,中租-KY      ,20181005,-0.018957
5871,中租-KY      ,20181008,-0.014493
5871,中租-KY      ,20181009,-0.020588
5871,中租-KY      ,20181011,-0.079079
5871,中租-KY      ,20181012,0.01087
5871,中租-KY      ,20181015,-0.017204
5871,中租-KY      ,20181016,0.001094
5871,中租-KY      ,20181017,0.015301
5871,中租-KY      ,20181018,-0.005382
5871,中租-KY      ,20181019,-0.017316
5871,中租-KY      ,20181022,-0.005507
5871,中租-KY      ,20181023,-0.055371
5871,中租-KY      ,20181024,-0.011723
5871,中租-KY      ,20181025,-0.007117
5871,中租-KY      ,20181026,0.015532
5871,中租-KY      ,20181029,0.016471
5871,中租-KY      ,20181030,0.018519
5871,中租-KY      ,20181031,0.002273
5871,中租-KY      ,20181101,0.031746
5871,中租-KY      ,20181102,0.003297
5871,中租-KY      ,20181105,0.002191
5871,中租-KY      ,20181106,-0.002186
5871,中租-KY      ,20181107,0.023001
5871,中租-KY      ,20181108,0.001071
5871,中租-KY      ,20181109,-0.014973
5871,中租-KY      ,20181112,0.030402
5871,中租-KY      ,20181113,-0.001054
5871,中租-KY      ,20181114,0.020042
5871,中租-KY      ,20181115,-0.022751
5871,中租-KY      ,20181116,-0.006349
5871,中租-KY      ,20181119,0.00852
5871,中租-KY      ,20181120,-0.012672
5871,中租-KY      ,20181121,0.010695
5871,中租-KY      ,20181122,-0.014815
5871,中租-KY      ,20181123,-0.011815
5871,中租-KY      ,20181126,0.002174
5871,中租-KY      ,20181127,0.0141
5871,中租-KY      ,20181128,0.016043
5871,中租-KY      ,20181129,0.002105
5871,中租-KY      ,20181130,0.009454
5871,中租-KY      ,20181203,0.045786
5871,中租-KY      ,20181204,-0.0199
5871,中租-KY      ,20181205,-0.008122
5871,中租-KY      ,20181206,-0.024565
5871,中租-KY      ,20181207,0.020986
5871,中租-KY      ,20181210,-0.002055
5871,中租-KY      ,20181211,-0.014418
5871,中租-KY      ,20181212,0.014629
5871,中租-KY      ,20181213,0
5871,中租-KY      ,20181214,0.008239
5871,中租-KY      ,20181217,0.004086
5871,中租-KY      ,20181218,-0.003052
5871,中租-KY      ,20181219,-0.006122
5871,中租-KY      ,20181220,-0.001027
5871,中租-KY      ,20181221,-0.008222
5871,中租-KY      ,20181222,-0.007254
5871,中租-KY      ,20181224,0.004175
5871,中租-KY      ,20181225,-0.017672
5871,中租-KY      ,20181226,0.005291
5871,中租-KY      ,20181227,0.02
5871,中租-KY      ,20181228,0
9910,豐泰         ,20180102,0.00738
9910,豐泰         ,20180103,0
9910,豐泰         ,20180104,0.003663
9910,豐泰         ,20180105,0
9910,豐泰         ,20180108,0.00365
9910,豐泰         ,20180109,0.007273
9910,豐泰         ,20180110,0.00722
9910,豐泰         ,20180111,0
9910,豐泰         ,20180112,0.007168
9910,豐泰         ,20180115,0
9910,豐泰         ,20180116,-0.010676
9910,豐泰         ,20180117,-0.010791
9910,豐泰         ,20180118,0.007273
9910,豐泰         ,20180119,-0.01083
9910,豐泰         ,20180122,0.032847
9910,豐泰         ,20180123,0.003534
9910,豐泰         ,20180124,0.003521
9910,豐泰         ,20180125,0.038596
9910,豐泰         ,20180126,-0.010135
9910,豐泰         ,20180129,-0.027304
9910,豐泰         ,20180130,-0.024561
9910,豐泰         ,20180131,-0.007194
9910,豐泰         ,20180201,-0.01087
9910,豐泰         ,20180202,-0.010989
9910,豐泰         ,20180205,0
9910,豐泰         ,20180206,-0.074074
9910,豐泰         ,20180207,0.028
9910,豐泰         ,20180208,0.003891
9910,豐泰         ,20180209,-0.027132
9910,豐泰         ,20180212,0.01992
9910,豐泰         ,20180221,0.042969
9910,豐泰         ,20180222,-0.003745
9910,豐泰         ,20180223,0.011278
9910,豐泰         ,20180226,0.011152
9910,豐泰         ,20180227,0.022059
9910,豐泰         ,20180301,-0.028777
9910,豐泰         ,20180302,-0.018519
9910,豐泰         ,20180305,0.007547
9910,豐泰         ,20180306,-0.011236
9910,豐泰         ,20180307,0.011364
9910,豐泰         ,20180308,0.011236
9910,豐泰         ,20180309,0
9910,豐泰         ,20180312,-0.007407
9910,豐泰         ,20180313,0
9910,豐泰         ,20180314,-0.003731
9910,豐泰         ,20180315,-0.007491
9910,豐泰         ,20180316,-0.011321
9910,豐泰         ,20180319,-0.003817
9910,豐泰         ,20180320,0.011494
9910,豐泰         ,20180321,-0.011364
9910,豐泰         ,20180322,0.011494
9910,豐泰         ,20180323,0
9910,豐泰         ,20180326,-0.011364
9910,豐泰         ,20180327,0.011494
9910,豐泰         ,20180328,0.003788
9910,豐泰         ,20180329,0
9910,豐泰         ,20180330,0.003774
9910,豐泰         ,20180331,-0.018797
9910,豐泰         ,20180402,0.019157
9910,豐泰         ,20180403,-0.011278
9910,豐泰         ,20180409,0.003802
9910,豐泰         ,20180410,0.007576
9910,豐泰         ,20180411,0.015038
9910,豐泰         ,20180412,0.003704
9910,豐泰         ,20180413,-0.01845
9910,豐泰         ,20180416,0.045113
9910,豐泰         ,20180417,0.003597
9910,豐泰         ,20180418,-0.02509
9910,豐泰         ,20180419,0.014706
9910,豐泰         ,20180420,0
9910,豐泰         ,20180423,-0.021739
9910,豐泰         ,20180424,-0.02963
9910,豐泰         ,20180425,0.007634
9910,豐泰         ,20180426,0.007576
9910,豐泰         ,20180427,0.003759
9910,豐泰         ,20180430,0.011236
9910,豐泰         ,20180502,-0.014815
9910,豐泰         ,20180503,-0.007519
9910,豐泰         ,20180504,-0.003788
9910,豐泰         ,20180507,0.007605
9910,豐泰         ,20180508,-0.003774
9910,豐泰         ,20180509,0.015152
9910,豐泰         ,20180510,-0.014925
9910,豐泰         ,20180511,0.007576
9910,豐泰         ,20180514,0.003759
9910,豐泰         ,20180515,-0.018727
9910,豐泰         ,20180516,0.022901
9910,豐泰         ,20180517,-0.014925
9910,豐泰         ,20180518,0.018939
9910,豐泰         ,20180521,-0.011152
9910,豐泰         ,20180522,-0.003759
9910,豐泰         ,20180523,0
9910,豐泰         ,20180524,0.003774
9910,豐泰         ,20180525,-0.011278
9910,豐泰         ,20180528,0.003802
9910,豐泰         ,20180529,0.007576
9910,豐泰         ,20180530,-0.018797
9910,豐泰         ,20180531,0.019157
9910,豐泰         ,20180601,0.003759
9910,豐泰         ,20180604,0.003745
9910,豐泰         ,20180605,0.011194
9910,豐泰         ,20180606,0.01845
9910,豐泰         ,20180607,0.007246
9910,豐泰         ,20180608,0.007194
9910,豐泰         ,20180611,-0.003571
9910,豐泰         ,20180612,-0.003584
9910,豐泰         ,20180613,-0.010791
9910,豐泰         ,20180614,-0.007273
9910,豐泰         ,20180615,0.025641
9910,豐泰         ,20180619,-0.039286
9910,豐泰         ,20180620,0.037175
9910,豐泰         ,20180621,-0.010753
9910,豐泰         ,20180622,-0.018116
9910,豐泰         ,20180625,0.00369
9910,豐泰         ,20180626,0.029412
9910,豐泰         ,20180627,0.007143
9910,豐泰         ,20180628,-0.010638
9910,豐泰         ,20180629,0.096774
9910,豐泰         ,20180702,0
9910,豐泰         ,20180703,-0.019608
9910,豐泰         ,20180704,0.02
9910,豐泰         ,20180705,-0.019608
9910,豐泰         ,20180706,0.036667
9910,豐泰         ,20180709,-0.045016
9910,豐泰         ,20180710,0.013468
9910,豐泰         ,20180711,-0.006645
9910,豐泰         ,20180712,0.056856
9910,豐泰         ,20180713,0.012658
9910,豐泰         ,20180716,0.01875
9910,豐泰         ,20180717,0.01227
9910,豐泰         ,20180718,0.01875
9910,豐泰         ,20180719,0.015337
9910,豐泰         ,20180720,-0.024169
9910,豐泰         ,20180723,0.012384
9910,豐泰         ,20180724,0.033639
9910,豐泰         ,20180725,0
9910,豐泰         ,20180726,-0.002959
9910,豐泰         ,20180727,0.020772
9910,豐泰         ,20180730,0.02907
9910,豐泰         ,20180731,-0.00565
9910,豐泰         ,20180801,-0.017045
9910,豐泰         ,20180802,0.00289
9910,豐泰         ,20180803,0.008646
9910,豐泰         ,20180806,-0.011429
9910,豐泰         ,20180807,0.00289
9910,豐泰         ,20180808,0.037464
9910,豐泰         ,20180809,0
9910,豐泰         ,20180810,-0.002778
9910,豐泰         ,20180813,-0.033426
9910,豐泰         ,20180814,0.0317
9910,豐泰         ,20180815,-0.01676
9910,豐泰         ,20180816,-0.008523
9910,豐泰         ,20180817,0.017192
9910,豐泰         ,20180820,0.014085
9910,豐泰         ,20180821,0.038889
9910,豐泰         ,20180822,0.032086
9910,豐泰         ,20180823,0.018135
9910,豐泰         ,20180824,-0.040712
9910,豐泰         ,20180827,0.002653
9910,豐泰         ,20180828,0.005291
9910,豐泰         ,20180829,0
9910,豐泰         ,20180830,-0.028947
9910,豐泰         ,20180831,0.00813
9910,豐泰         ,20180903,-0.008065
9910,豐泰         ,20180904,0.00271
9910,豐泰         ,20180905,-0.040541
9910,豐泰         ,20180906,0.016901
9910,豐泰         ,20180907,0
9910,豐泰         ,20180910,-0.00554
9910,豐泰         ,20180911,0.022284
9910,豐泰         ,20180912,0.032698
9910,豐泰         ,20180913,0.029024
9910,豐泰         ,20180914,0
9910,豐泰         ,20180917,-0.015385
9910,豐泰         ,20180918,0
9910,豐泰         ,20180919,0.026042
9910,豐泰         ,20180920,-0.015228
9910,豐泰         ,20180921,0.020619
9910,豐泰         ,20180925,0.050505
9910,豐泰         ,20180926,-0.088942
9910,豐泰         ,20180927,0.002639
9910,豐泰         ,20180928,-0.010526
9910,豐泰         ,20181001,0.010638
9910,豐泰         ,20181002,0
9910,豐泰         ,20181003,-0.002632
9910,豐泰         ,20181004,-0.002639
9910,豐泰         ,20181005,-0.02381
9910,豐泰         ,20181008,-0.04065
9910,豐泰         ,20181009,0
9910,豐泰         ,20181011,-0.081921
9910,豐泰         ,20181012,0.083077
9910,豐泰         ,20181015,-0.045455
9910,豐泰         ,20181016,-0.02381
9910,豐泰         ,20181017,0.054878
9910,豐泰         ,20181018,0.034682
9910,豐泰         ,20181019,0.005587
9910,豐泰         ,20181022,0.038889
9910,豐泰         ,20181023,-0.034759
9910,豐泰         ,20181024,-0.019391
9910,豐泰         ,20181025,-0.042373
9910,豐泰         ,20181026,0.050147
9910,豐泰         ,20181029,0.081461
9910,豐泰         ,20181030,-0.012987
9910,豐泰         ,20181031,-0.021053
9910,豐泰         ,20181101,-0.018817
9910,豐泰         ,20181102,0.008219
9910,豐泰         ,20181105,-0.046196
9910,豐泰         ,20181106,0.045584
9910,豐泰         ,20181107,0.013624
9910,豐泰         ,20181108,0.021505
9910,豐泰         ,20181109,0.005263
9910,豐泰         ,20181112,0.010471
9910,豐泰         ,20181113,0.007772
9910,豐泰         ,20181114,0
9910,豐泰         ,20181115,-0.002571
9910,豐泰         ,20181116,-0.007732
9910,豐泰         ,20181119,-0.002597
9910,豐泰         ,20181120,-0.010417
9910,豐泰         ,20181121,0.005263
9910,豐泰         ,20181122,-0.005236
9910,豐泰         ,20181123,-0.013158
9910,豐泰         ,20181126,-0.008
9910,豐泰         ,20181127,0
9910,豐泰         ,20181128,0.043011
9910,豐泰         ,20181129,0.025773
9910,豐泰         ,20181130,-0.015075
9910,豐泰         ,20181203,-0.002551
9910,豐泰         ,20181204,0.01023
9910,豐泰         ,20181205,-0.050633
9910,豐泰         ,20181206,0.024
9910,豐泰         ,20181207,-0.005208
9910,豐泰         ,20181210,-0.031414
9910,豐泰         ,20181211,-0.005405
9910,豐泰         ,20181212,-0.019022
9910,豐泰         ,20181213,0.01108
9910,豐泰         ,20181214,-0.010959
9910,豐泰         ,20181217,0
9910,豐泰         ,20181218,-0.022161
9910,豐泰         ,20181219,-0.005666
9910,豐泰         ,20181220,-0.008547
9910,豐泰         ,20181221,0.020115
9910,豐泰         ,20181222,-0.005634
9910,豐泰         ,20181224,-0.011331
9910,豐泰         ,20181225,-0.017192
9910,豐泰         ,20181226,0
9910,豐泰         ,20181227,0.03207
9910,豐泰         ,20181228,-0.008475
,,,
